index,protein_seq,cds_seq,protein_length,cds_length,validation_status,mfe_gemorna,cai_gemorna,csc_gemorna,gc_gemorna,u_pct_gemorna,vienna_mfe_gemorna,linearfold_mfe_gemorna,cai_recalc,cai_diff,mfe_diff_vienna,mfe_diff_linearfold
1,MALTPTNLNNKMSLQMKMDCQEQQLTKKNNGFFQKLNVTEGAMQDLLKEIIKVDHILDRSDDEDDISSENPQTDFLHKGMLELEAEHDQDLSKQDKQETDVDEDPQASTSLQFSKKNLLELCLKGMFLKLNYWNTKIGLQVKELGADYIDGTEKIDNIIKKINVTENTVKSLLKDMLTLKGQIEKLEDRGLDLDQGTSTEVNTCNEVYELKKKVIERLEDLCKNVELLSAKLRMYQMEAEDTDSHSSEEIDTEEMEALLPQAPASFLVQKSPPRNTAWKRALRIFIMFDVLTVTGLLCYILFFGATFLFERVLLRMLGCRTTWDLREMREPFLNLEVEALLPS,ATGGCACTGACCCCAACCAACCTGAACAACAAGATGTCCCTGCAGATGAAGATGGACTGCCAGGAGCAGCAGCTGACCAAGAAGAACAACGGGTTCTTCCAGAAGCTGAACGTGACGGAGGGCGCCATGCAGGACCTGCTGAAGGAGATCATCAAGGTGGACCACATCCTGGACCGGTCCGACGACGAGGACGACATCTCCAGCGAGAACCCCCAGACCGACTTCCTGCACAAGGGGATGCTGGAGCTGGAGGCCGAGCACGACCAGGACCTGAGCAAGCAGGACAAGCAGGAGACGGACGTGGACGAGGACCCCCAGGCCTCCACCTCCCTGCAGTTCTCCAAGAAGAACCTGCTCGAGCTGTGCCTGAAGGGCATGTTCCTCAAGCTGAACTACTGGAACACCAAGATCGGCCTGCAGGTGAAGGAGCTGGGCGCCGACTACATTGACGGCACCGAGAAGATCGACAACATCATCAAGAAGATCAACGTGACCGAGAACACCGTGAAGTCTTTGCTGAAAGACATGCTAACTCTAAAAGGACAGATAGAGAAACTAGAAGATCGAGGTCTGGATCTTGATCAAGGTACTTCAACAGAGGTGAATACATGTAATGAAGTCTATGAACTTAAGAAAAAGGTGATTGAACGACTCGAGGACCTTTGTAAAAATGTGGAGCTTCTGAGCGCAAAGCTGAGGATGTACCAGATGGAAGCAGAAGATACTGACTCCCACAGTTCTGAAGAAATTGATACAGAAGAAATGGAAGCTCTATTGCCACAGGCACCAGCATCTTTTTTAGTCCAGAAAAGCCCACCACGGAATACTGCCTGGAAAAGGGCCCTGAGAATTTTCATCATGTTTGATGTCCTAACTGTGACAGGCCTGCTTTGTTACATTCTTTTTTTTGGAGCAACATTTTTGTTTGAAAGAGTTTTGCTGAGAATGCTGGGATGTAGGACTACATGGGATTTGAGAGAAATGAGAGAACCTTTTCTGAATTTAGAAGTGGAAGCTTTGTTGCCTAGC,343,1029,OK,-297.0,0.8328,0.029975,0.494655,0.202138,-297.0000,-292.3000,0.832800,0.000000,0.0000,4.7000
2,MGVAARPPALRHWFSHSIPLAIFALLLLYLSVRSLGARSGCGPRAQPCVPGETAPFQVRQESGTLEAPERKQPPCLGPRGMLGRMMRRFHASLKPEGDVGLSPYLAGWRALVEFLTPLGSVFAFATREAFTKVTDLEARVHGPDAEHYWSLVAMAAWERRAGLLEQPGAAPRDPTRSSGSRTLLLLHRALRWSQLCLHRVATGALGGPDAGVQCSDAYRAALGPHHPWLVRQTARLAFLAFPGRRRLLELACPGATEAEARAALVRAAGTLEDVYNRTQSLLAERGLLQLA,ATGGGGGTGGCGGCGCGGCCGCCGGCGCTCCGCCACTGGTTCTCCCACAGCATCCCCCTGGCGATCTTCGCCCTGCTGCTGCTGTACCTGAGCGTGCGCAGCCTGGGCGCCCGCTCCGGGTGCGGCCCGCGCGCCCAGCCCTGCGTGCCCGGGGAGACGGCGCCGTTCCAGGTGCGGCAGGAGTCGGGCACGCTGGAGGCGCCGGAGCGGAAGCAGCCGCCGTGCCTGGGCCCGCGGGGCATGCTGGGCCGGATGATGCGCCGGTTCCACGCCTCCCTGAAGCCGGAGGGCGACGTCGGCCTGAGCCCGTACCTGGCCGGCTGGCGCGCCCTGGTGGAGTTCCTGACCCCGCTGGGCAGCGTGTTCGCCTTCGCCACCCGCGAGGCCTTCACCAAGGTGACCGACCTGGAGGCGCGCGTGCACGGGCCCGACGCCGAGCACTACTGGTCGCTGGTGGCGATGGCGGCCTGGGAGCGGCGGGCCGGCCTGCTGGAGCAGCCCGGGGCGGCCCCCCGCGACCCCACCCGCAGCAGCGGCAGCCGCACCCTGCTCCTGCTGCACCGCGCGCTGCGCTGGAGCCAGCTGTGCCTGCACCGGGTGGCGACGGGCGCGCTGGGCGGCCCGGACGCGGGCGTGCAGTGCTCGGACGCGTACCGCGCCGCGCTGGGCCCGCACCACCCGTGGCTGGTGCGGCAGACGGCGCGCCTGGCCTTCCTGGCGTTCCCCGGCCGCCGCCGCCTGCTGGAGCTGGCGTGCCCCGGCGCCACCGAGGCCGAGGCGCGCGCGGCTCTGGTCCGCGCGGCGGGCACCCTGGAGGACGTGTACAACCGCACCCAGAGCCTGCTGGCGGAGCGCGGCCTGCTGCAGCTGGCC,291,873,OK,-528.0,0.8011,0.064237,0.777778,0.124857,-528.0000,-523.0000,0.801089,0.000011,0.0000,5.0000
3,MAGRRAQTGSAPPRPAAPHPRPASRAFPQHCRPRDAERPPSPRSPLMPGCELPVGTCPDMCPAAERAQREREHRLHRLEVVPGCRQDPPRADPQRAVKEYSRPAAGKPRPPPSQLRPPSVLLATVRYLAGEVAESADIARAEVASFVADRLRAVLLDLALQGAGDAEAAVVLEAALATLLTVVARLGPDAARGPADPVLLQAQVQEGFGSLRRCYARGAGPHPRQPAFQGLFLLYNLGSVEALHEVLQLPAALRACPPLRKALAVDAAFREGNAARLFRLLQTLPYLPSCAVQCHVGHARREALARFARAFSTPKGQTLPLGFMVNLLALDGLREARDLCQAHGLPLDGEERVVFLRGRYVEEGLPPASTCKVLVESKLRGRTLEEVVMAEEEDEGTDRPGSPA,ATGGCGGGACGGCGGGCGCAGACCGGCAGCGCGCCCCCGCGCCCCGCGGCCCCGCACCCGCGCCCCGCCTCGCGCGCCTTCCCCCAGCACTGCCGCCCGCGCGACGCCGAGCGGCCGCCCAGCCCGCGCAGCCCGCTGATGCCGGGCTGCGAGCTGCCTGTGGGCACCTGCCCCGACATGTGCCCGGCGGCGGAGCGGGCGCAGCGCGAGCGCGAGCACCGCCTGCACCGCCTGGAGGTGGTGCCGGGCTGCCGCCAGGACCCGCCGCGCGCGGACCCCCAGCGCGCCGTGAAGGAGTACAGCCGCCCGGCGGCGGGCAAGCCCCGGCCCCCCCCGTCCCAGCTGCGCCCCCCGTCGGTGCTGCTGGCCACCGTGCGCTACCTGGCCGGCGAGGTGGCCGAGAGCGCCGACATCGCCCGCGCCGAGGTGGCCAGCTTCGTGGCCGACCGCCTGCGCGCGGTGCTGCTGGACCTGGCTCTGCAGGGCGCGGGCGACGCGGAGGCGGCTGTGGTGCTGGAGGCCGCGCTGGCAACCCTGCTGACAGTGGTGGCCCGGCTGGGCCCCGACGCCGCGCGCGGGCCGGCGGACCCGGTGCTGCTGCAGGCGCAGGTGCAGGAGGGCTTCGGGAGCCTGCGCCGCTGCTACGCGCGCGGCGCGGGCCCCCACCCTCGGCAGCCGGCGTTCCAGGGCCTGTTCCTGCTCTACAACCTGGGCAGCGTGGAGGCGCTGCACGAGGTGCTGCAGCTGCCGGCGGCGCTGCGCGCGTGCCCGCCGCTCCGCAAGGCGCTGGCGGTGGACGCCGCCTTCCGCGAGGGCAACGCGGCGCGCCTGTTCCGCCTGCTCCAGACGCTCCCGTACCTGCCCAGCTGCGCCGTGCAGTGCCACGTGGGCCACGCCCGCCGCGAGGCCCTGGCCCGCTTCGCCCGCGCCTTCAGCACCCCGAAGGGCCAGACGCTGCCCCTGGGCTTCATGGTGAACCTGCTGGCCCTGGACGGCCTGCGCGAGGCGCGCGACCTGTGCCAGGCGCATGGACTGCCCCTGGACGGGGAGGAGCGGGTGGTGTTCCTGCGCGGGCGGTACGTGGAGGAAGGGCTGCCGCCGGCCTCCACCTGCAAGGTGCTGGTGGAGTCCAAGCTGCGCGGCCGCACCCTGGAGGAGGTGGTGATGGCGGAGGAGGAGGACGAGGGCACGGACCGCCCGGGCAGCCCGGCC,404,1212,OK,-739.2999877929688,0.7973,0.059171,0.783003,0.111386,-739.3000,-721.2000,0.797309,0.000009,0.0000,18.1000
4,MAVLSKEYGFVLLTGAASFIMVAHLAINVSKARKKYKVEYPIMYSTDPENGHIFNCIQRAHQNTLEVYPPFLFFLAVGGVYHPRIASGLGLAWIVGRVLYAYGYYTGEPSKRSRGALGSIALLGLVGTTVCSAFQHLGWVKSGLGSGPKCCH,ATGGCTGTGCTCAGCAAGGAGTATGGTTTCGTGCTCCTCACTGGTGCCGCCTCCTTCATCATGGTCGCCCACCTGGCCATCAACGTGTCCAAGGCCAGGAAGAAGTACAAGGTGGAGTACCCCATCATGTACAGCACCGACCCCGAGAATGGCCACATCTTCAACTGCATCCAGCGCGCCCACCAGAACACCCTGGAGGTGTACCCCCCCTTCCTCTTCTTCCTGGCCGTCGGCGGCGTGTACCACCCCAGGATCGCCAGCGGCCTGGGCCTCGCCTGGATCGTCGGGCGCGTGCTGTACGCCTACGGCTACTACACCGGCGAGCCCAGCAAGCGCAGTCGCGGCGCCCTGGGCAGCATCGCCCTGCTGGGCCTGGTCGGCACCACCGTCTGCTCCGCCTTCCAGCACCTCGGGTGGGTGAAGAGCGGCCTGGGCTCCGGCCCCAAGTGCTGCCAC,152,456,OK,-199.8000030517578,0.9231,0.069087,0.657895,0.177632,-199.8000,-199.8000,0.923082,0.000018,0.0000,0.0000
5,MKALMLLTLSVLLCWVSADIRCHSCYKVPVLGCVDRQSCRLEPGQQCLTTHAYLGKMWVFSNLRCGTPEEPCQEAFNQTNRKLGLTYNTTCCNKDNCNSAGPRPTPALGLVFLTSLAGLGLWLLH,ATGAAGGCCCTGATGCTGCTCACCCTGTCCGTGCTGCTGTGCTGGGTCTCCGCCGACATCCGCTGCCACAGCTGCTACAAAGTGCCTGTGCTGGGGTGTGTGGACCGCCAGAGCTGCAGGCTGGAGCCCGGCCAGCAGTGCCTCACCACCCACGCCTACCTGGGCAAGATGTGGGTGTTCTCCAACCTGAGGTGCGGCACCCCGGAGGAGCCCTGCCAGGAGGCCTTCAACCAGACCAACCGCAAGCTGGGCCTGACCTACAACACCACCTGCTGCAACAAGGACAACTGCAACAGCGCGGGCCCCCGCCCCACCCCTGCCCTGGGCCTGGTGTTCCTGACCTCCCTGGCCGGCCTCGGCCTGTGGCTGCTGCAC,125,375,OK,-155.0,0.9443,0.064581,0.669333,0.165333,-155.0000,-155.0000,0.944307,0.000007,0.0000,0.0000
6,MAWALLLLSLLTQGTGSWAQSALTQPRSVSGSPGQSVTISCTGTSSDVGGYNYVSWYQQHPGKAPKLMIYDVSKRPSGVPDRFSGSKSGNTASLTISGLQAEDEADYYCCSYAGSYTFH,ATGGCCTGGGCCCTGCTGCTGCTGTCCCTCCTGACCCAGGGCACCGGGTCCTGGGCCCAGTCCGCCCTGACCCAGCCCAGGTCCGTGTCCGGGTCCCCCGGGCAGAGCGTGACCATCAGCTGCACCGGGACCAGCTCCGACGTGGGCGGCTATAACTACGTGAGCTGGTACCAGCAGCACCCTGGCAAGGCCCCGAAGCTGATGATCTACGACGTGTCCAAAAGGCCCAGCGGGGTGCCCGACAGGTTCAGCGGCTCCAAGAGCGGCAACACCGCCTCCCTGACCATCTCCGGCCTGCAGGCCGAGGACGAGGCCGACTACTACTGCTGCAGCTACGCCGGCTCCTACACCTTCCAC,119,357,OK,-154.1999969482422,0.9592,0.059679,0.677871,0.148459,-154.2000,-154.2000,0.959199,0.000001,0.0000,0.0000
7,ASTKGPSVFPLAPCSRSTSGGTAALGCLVKDYFPEPVTVSWNSGALTSGVHTFPAVLQSSGLYSLSSVVTVPSSSLGTQTYTCNVNHKPSNTKVDKRVELKTPLGDTTHTCPRCPEPKSCDTPPPCPRCPEPKSCDTPPPCPRCPEPKSCDTPPPCPRCPAPELLGGPSVFLFPPKPKDTLMISRTPEVTCVVVDVSHEDPEVQFKWYVDGVEVHNAKTKPREEQYNSTFRVVSVLTVLHQDWLNGKEYKCKVSNKALPAPIEKTISKTKGQPREPQVYTLPPSREEMTKNQVSLTCLVKGFYPSDIAVEWESSGQPENNYNTTPPMLDSDGSFFLYSKLTVDKSRWQQGNIFSCSVMHEALHNRFTQKSLSLSPGK,GCCTCCACCAAGGGTCCCAGCGTGTTCCCCCTGGCCCCCTGCTCCAGGAGCACCTCAGGGGGCACCGCCGCCCTCGGCTGCCTCGTGAAGGACTACTTCCCCGAGCCCGTGACCGTGTCCTGGAACAGCGGGGCCCTGACCTCCGGGGTCCACACCTTCCCCGCCGTGCTCCAGAGCTCGGGCCTCTACAGCCTGTCCTCCGTCGTGACCGTGCCCAGCAGCAGCCTCGGCACCCAGACCTACACCTGCAACGTGAACCACAAGCCCAGCAACACCAAGGTGGACAAGAGGGTGGAGCTGAAGACCCCGCTGGGCGACACCACCCACACCTGCCCCCGGTGCCCCGAGCCCAAGTCCTGCGACACCCCGCCCCCCTGCCCCCGGTGCCCCGAGCCCAAGTCCTGCGACACCCCCCCGCCCTGCCCCCGGTGTCCCGAGCCGAAGTCCTGCGACACGCCCCCCCCCTGCCCCCGCTGCCCGGCCCCGGAGCTGCTGGGCGGCCCGTCCGTGTTTCTTTTTCCTCCAAAACCAAAGGATACCTTAATGATCTCAAGGACTCCAGAGGTTACATGTGTGGTGGTGGATGTGAGTCACGAAGATCCAGAAGTCCAATTTAAGTGGTATGTAGATGGAGTTGAAGTACATAATGCCAAGACTAAACCAAGAGAAGAACAATACAATTCTACATTTCGTGTAGTTTCTGTTTTGACTGTACTACATCAAGATTGGCTAAACGGAAAAGAATATAAATGTAAAGTTTCCAATAAAGCTTTACCAGCTCCTATTGAAAAGACAATATCAAAAACTAAAGGGCAACCAAGAGAACCACAAGTATATACATTGCCACCATCAAGAGAAGAAATGACAAAAAATCAAGTTTCTCTTACATGTCTTGTAAAAGGATTTTATCCATCTGATATAGCCGTTGAATGGGAATCATCAGGACAACCAGAAAATAATTATAATACTACACCACCAATGTTAGATTCTGATGGAAGTTTTTTTTTATATTCCAAACTGACTGTAGACAAAAGCAGATGGCAACAAGGAAATATATTTTCATGTTCAGTGATGCATGAAGCATTACATAATAGATTTACACAAAAAAGCTTATCATTGTCACCAGGAAAA,377,1131,OK,-309.0,0.7640,-0.009025,0.516357,0.206897,-309.0000,-306.0000,0.763976,0.000024,0.0000,3.0000
8,MSITDVLSADDIAAALQECRDPDTFEPQKFFQTSGLSKMSANQVKDVFRFIDNDQSGYLDEEELKFFLQKFESGARELTESETKSLMAAADNDGDGKIGAEEFQEMVHS,ATGAGCATCACCGACGTGCTCTCGGCCGACGACATCGCCGCCGCCCTGCAGGAGTGCAGGGACCCCGACACCTTCGAGCCCCAGAAGTTCTTCCAGACCAGCGGGCTCTCCAAGATGTCGGCCAACCAGGTGAAGGACGTGTTCCGCTTCATCGACAACGACCAGAGCGGCTACCTGGACGAGGAGGAGCTGAAGTTCTTCCTGCAGAAGTTCGAGTCGGGCGCCCGGGAGCTGACGGAGAGCGAGACCAAGAGCCTGATGGCCGCCGCCGACAACGACGGCGACGGCAAGATCGGGGCCGAGGAGTTCCAGGAGATGGTGCACAGC,109,327,OK,-130.89999389648438,0.9301,0.077697,0.642202,0.134557,-130.9000,-130.9000,0.930113,0.000013,0.0000,0.0000
9,MSWRGRSTYYWPRPRRYVQPPEMIGPMRPEQFSDEVEPATPEEGEPATQRQDPAAAQEGEDEGASAGQGPKPEAHSQEQGHPQTGCECEDGPDGQEMDPPNPEEVKTPEEGEKQSQC,ATGTCCTGGAGGGGCAGAAGCACCTACTACTGGCCGCGCCCGCGGAGGTACGTGCAGCCCCCGGAGATGATCGGCCCCATGCGCCCCGAGCAGTTCTCGGACGAGGTGGAGCCGGCCACCCCGGAGGAGGGCGAGCCCGCCACCCAGCGCCAGGACCCCGCGGCGGCGCAGGAGGGCGAGGACGAGGGCGCGTCCGCGGGGCAGGGCCCGAAGCCGGAGGCGCACAGCCAGGAGCAGGGCCACCCGCAGACGGGCTGCGAGTGCGAGGACGGCCCCGACGGCCAGGAGATGGACCCCCCGAACCCCGAGGAGGTGAAGACGCCCGAGGAGGGCGAGAAGCAGAGCCAGTGC,117,351,OK,-163.89999389648438,0.8269,0.043121,0.746439,0.059829,-163.9000,-163.9000,0.826872,0.000028,0.0000,0.0000
10,MKVSAAALAVILIATALCAPASASPYSSDTTPCCFAYIARPLPRAHIKEYFYTSGKCSNPAVVFVTRKNRQVCANPEKKWVREYINSLEMS,ATGAAGGTGTCAGCCGCCGCCCTGGCCGTGATCCTGATCGCCACCGCACTGTGCGCGCCCGCCTCCGCCTCGCCCTACAGCTCCGACACCACGCCCTGCTGCTTCGCCTACATCGCCCGCCCGCTGCCCCGCGCCCACATCAAGGAGTACTTCTACACCAGCGGCAAGTGCTCCAACCCCGCCGTGGTCTTCGTGACCAGGAAGAACCGCCAGGTGTGCGCCAACCCCGAGAAGAAATGGGTGAGGGAGTACATCAACTCCCTGGAGATGTCC,91,273,OK,-83.80000305175781,0.9170,0.065117,0.655678,0.157509,-83.8000,-83.8000,0.917021,0.000021,0.0000,0.0000
11,MLALLVLVTVALASAHHGGEHFEGEKVFRVNVEDENHINIIRELASTTQIDFWKPDSVTQIKPHSTVDFRVKAEDTVTVENVLKQNELQYKVLISNLRNVVEAQFDSRVRATGHSYEKYNKWETIEAWTQQVATENPALISRSVIGTTFEGRAIYLLKVGKAGQNKPAIFMDCGFHAREWISPAFCQWFVREAVRTYGREIQVTELLDKLDFYVLPVLNIDGYIYTWTKSRFWRKTRSTHTGSSCIGTDPNRNFDAGWCEIGASRNPCDETYCGPAAESEKETKALADFIRNKLSSIKAYLTIHSYSQMMIYPYSYAYKLGENNAELNALAKATVKELASLHGTKYTYGPGATTIYPAAGGSDDWAYDQGIRYSFTFELRDTGRYGFLLPESQIRATCEETFLAIKYVASYVLEHLY,ATGCTGGCCCTTCTGGTGCTGGTGACCGTGGCCCTGGCCAGCGCCCACCACGGGGGCGAGCACTTCGAGGGGGAGAAGGTGTTCCGCGTGAACGTGGAGGACGAGAACCACATCAACATCATCCGCGAGCTGGCCAGCACCACCCAGATCGACTTCTGGAAGCCTGACAGCGTGACCCAGATCAAGCCTCACAGCACCGTGGACTTCCGGGTGAAGGCCGAGGACACCGTGACGGTGGAGAACGTGCTGAAGCAGAACGAGCTGCAGTACAAGGTCCTGATCTCGAACCTGCGCAACGTGGTGGAGGCGCAGTTCGACAGCCGCGTGCGCGCCACCGGCCACAGCTACGAGAAGTACAACAAGTGGGAGACGATCGAGGCCTGGACCCAGCAGGTGGCCACCGAGAACCCCGCCCTGATCAGCCGCAGCGTCATCGGCACCACCTTCGAGGGCCGGGCCATCTACCTGCTCAAGGTGGGCAAGGCCGGCCAGAACAAGCCCGCCATCTTCATGGACTGTGGCTTTCATGCAAGAGAATGGATTTCTCCAGCATTCTGCCAATGGTTTGTTAGAGAAGCTGTGAGGACATATGGGAGAGAAATACAGGTGACCGAGCTGCTGGATAAACTTGACTTTTATGTTCTTCCAGTGCTGAATATTGACGGCTATATCTACACCTGGACCAAGTCCAGATTCTGGAGAAAAACCAGGAGTACACATACAGGGTCCTCCTGCATCGGAACTGACCCTAATAGAAATTTTGATGCAGGATGGTGTGAAATCGGAGCATCTCGAAACCCTTGTGATGAAACATATTGTGGGCCAGCTGCAGAAAGTGAAAAGGAAACAAAAGCACTGGCCGATTTTATCAGAAACAAATTGTCTTCAATTAAAGCTTACTTGACAATTCATTCCTACTCCCAGATGATGATTTACCCATATTCTTATGCATACAAACTGGGGGAAAATAATGCTGAGCTCAACGCACTGGCTAAAGCTACCGTGAAGGAACTTGCTTCTCTTCATGGAACAAAATACACATATGGACCTGGTGCAACCACCATCTACCCAGCTGCTGGAGGTAGTGATGATTGGGCTTATGATCAAGGCATCCGATACAGCTTTACTTTTGAACTGAGAGACACAGGAAGATATGGATTCCTGCTGCCAGAAAGTCAGATCAGAGCAACATGTGAAGAGACATTTTTAGCAATAAAATATGTAGCATCTTACGTACTTGAACATCTTTAC,417,1251,OK,-418.79998779296875,0.8423,0.024070,0.512390,0.210232,-418.8000,-406.8000,0.842333,0.000033,0.0000,12.0000
12,MILSNTTAVTPFLTKLWQETVQQGGNMSGLARRSPRSSDGKLEALYVLMVLGFFGFFTLGIMLSYIRSKKLEHSNDPFNVYIESDAWQEKDKAYVQARVLESYRSCYVVENHLAIEQPNTHLPETKPSP,ATGATCCTGTCCAACACCACCGCCGTCACCCCTTTCCTCACTAAGCTCTGGCAGGAGACCGTCCAGCAGGGAGGCAATATGAGCGGGCTGGCCCGGCGCAGCCCCAGGTCCTCGGACGGCAAGCTGGAGGCCCTGTACGTGCTCATGGTTCTCGGCTTCTTCGGCTTCTTCACCCTGGGCATCATGCTCAGCTACATCCGGTCCAAGAAGCTCGAGCACAGCAACGACCCCTTCAACGTGTACATCGAGAGCGACGCCTGGCAGGAGAAGGACAAGGCCTACGTGCAGGCCCGCGTGCTGGAGAGCTACCGCAGCTGCTACGTGGTGGAGAACCACCTGGCCATCGAGCAGCCCAACACCCACCTGCCCGAGACCAAGCCCTCCCCC,129,387,OK,-128.63999938964844,0.9244,0.067619,0.633075,0.160207,-128.6400,-128.6000,0.924394,0.000006,0.0000,0.0400
13,MYGKIIFVLLLSGIVSISASSTTGVAMHTSTSSSVTKSYISSQTNGITLINWWAMARVIFEVMLVVVGMIILISYCIR,ATGTATGGGAAGATTATCTTCGTGCTTCTGCTGTCTGGAATTGTTTCCATTTCCGCCAGCTCTACCACTGGAGTTGCCATGCACACCAGCACCAGCAGCTCAGTCACCAAGTCCTACATCAGCAGCCAGACTAATGGGATCACCCTCATCAACTGGTGGGCCATGGCCAGGGTCATCTTTGAGGTGATGCTGGTGGTGGTGGGCATGATCATCCTGATCAGCTACTGCATCAGG,78,234,OK,-80.69999694824219,0.8862,0.054163,0.525641,0.260684,-80.7000,-80.7000,0.886209,0.000009,0.0000,0.0000
14,MNRFLLLMSLYLLGSARGTSSQPNELSGSIDHQTSVQQLPGEFFSLENPSDAEALYETSSGLNTLSEHGSSEHGSSKHTVAEHTSGEHAESEHASGEPAATEHAEGEHTVGEQPSGEQPSGEHLSGEQPLSELESGEQPSDEQPSGEHGSGEQPSGEQASGEQPSGEHASGEQASGAPISSTSTGTILNCYTCAYMNDQGKCLRGEGTCITQNSQQCMLKKIFEGGKLQFMVQGCENMCPSMNLFSHGTRMQIICCRNQSFCNKI,ATGAACAGATTTCTACTGTTGATGAGCCTGTACCTGCTGGGAAGTGCCAGGGGCACCAGCAGCCAGCCCAACGAGCTGTCAGGCAGCATCGACCACCAGACATCCGTGCAGCAGCTGCCTGGGGAGTTCTTCAGCCTGGAGAATCCCAGCGACGCCGAGGCCCTGTACGAGACCAGCAGCGGGCTCAACACCCTGAGCGAGCACGGCAGCAGCGAGCACGGCAGCAGCAAGCACACGGTGGCCGAGCACACGAGCGGGGAGCACGCGGAGAGCGAGCACGCGTCCGGGGAGCCGGCCGCCACGGAGCACGCGGAGGGCGAGCACACGGTGGGCGAGCAGCCCAGCGGGGAGCAGCCCAGCGGGGAGCACCTGAGCGGGGAGCAGCCCCTGTCCGAGCTGGAGAGCGGCGAGCAGCCCAGTGACGAGCAGCCCAGTGGCGAGCACGGCAGCGGAGAGCAGCCCAGCGGGGAGCAGGCCAGCGGGGAGCAGCCTTCTGGGGAGCACGCCAGCGGGGAACAGGCAAGTGGAGCCCCTATCTCTTCCACCTCTACAGGAACCATCCTCAACTGTTACACATGTGCATATATGAATGATCAAGGAAAGTGTTTAAGAGGAGAAGGAACATGTATAACACAAAATTCACAACAATGTATGTTGAAAAAAATTTTTGAAGGTGGAAAATTACAATTTATGGTGCAGGGATGCGAAAATATGTGTCCAAGCATGAATCTGTTTTCTCATGGAACAAGAATGCAAATAATATGTTGTAGAAATCAAAGTTTTTGTAATAAAATT,265,795,OK,-285.0,0.8295,0.003132,0.572327,0.152201,-285.0000,-284.0000,0.829453,0.000047,0.0000,1.0000
15,MELLCCEGTRHAPRAGPDPRLLGDQRVLQSLLRLEERYVPRASYFQCVQREIKPHMRKMLAYWMLEVCEEQRCEEEVFPLAMNYLDRYLSCVPTRKAQLQLLGAVCMLLASKLRETTPLTIEKLCIYTDHAVSPRQLRDWEVLVLGKLKWDLAAVIAHDFLAFILHRLSLPRDRQALVKKHAQTFLALCATDYTFAMYPPSMIATGSIGAAVQGLGACSMSGDELTELLAGITGTEVDCLRACQEQIEAALRESLREASQTSSSPAPKAPRGSSSQGPSQTSTPTDVTAIHL,ATGGAGCTGCTGTGCTGTGAGGGCACCCGCCACGCGCCCCGCGCCGGCCCCGACCCGCGCCTGCTGGGCGACCAGCGCGTGCTGCAGAGCCTGCTGCGCCTGGAGGAGCGCTACGTGCCGCGCGCCAGCTACTTCCAGTGCGTGCAGCGCGAGATCAAGCCCCACATGCGCAAGATGCTGGCCTACTGGATGCTGGAGGTGTGCGAGGAGCAGCGCTGCGAGGAGGAGGTCTTCCCGCTGGCGATGAACTACCTGGACCGGTACCTGAGCTGCGTGCCCACCCGCAAGGCCCAGCTGCAGCTGCTGGGCGCCGTGTGCATGCTGCTGGCCAGCAAGCTGCGGGAGACCACCCCCCTGACCATCGAGAAGCTGTGCATCTACACCGACCACGCCGTGAGCCCGCGCCAGCTGCGCGACTGGGAGGTGCTGGTGCTGGGCAAGCTGAAGTGGGACCTGGCCGCCGTGATCGCCCACGACTTCCTGGCCTTCATCCTGCACCGGCTGAGCCTGCCTCGGGACCGGCAGGCTCTGGTCAAGAAGCACGCGCAGACCTTCCTGGCCCTGTGCGCCACCGACTACACCTTCGCCATGTACCCCCCATCCATGATCGCCACAGGGAGCATAGGGGCCGCAGTGCAGGGCCTGGGCGCCTGTTCCATGAGTGGCGACGAGCTGACAGAGCTGCTGGCCGGGATCACCGGGACGGAGGTCGACTGCCTGAGGGCCTGCCAGGAGCAGATCGAGGCCGCCCTGCGCGAGAGCCTGCGGGAGGCCAGCCAGACCAGCAGCAGCCCCGCCCCCAAGGCCCCGAGGGGCTCCAGCTCCCAGGGCCCCTCCCAGACCAGCACCCCCACCGACGTGACCGCCATCCATCTC,292,876,OK,-402.6000061035156,0.9298,0.069037,0.696347,0.138128,-402.6000,-397.9000,0.929845,0.000045,0.0000,4.7000
16,MAKISSPTETERCIESLIAVFQKYAGKDGYNYTLSKTEFLSFMNTELAAFTKNQKDPGVLDRMMKKLDTNSDGQLDFSEFLNLIGGLAMACHDSFLKAVPSQKRT,ATGGCCAAGATCAGCTCCCCCACTGAGACCGAGAGGTGCATTGAGAGCCTGATCGCCGTGTTTCAGAAGTATGCTGGGAAGGACGGCTACAACTACACCCTGTCCAAGACCGAGTTCCTGAGCTTCATGAACACGGAGCTGGCCGCCTTCACCAAGAACCAGAAGGACCCTGGCGTGCTGGACCGGATGATGAAGAAGCTGGACACCAACTCCGACGGCCAGCTGGACTTCAGCGAGTTCCTCAACCTGATCGGGGGCCTGGCCATGGCCTGCCACGACAGCTTCCTGAAGGCCGTGCCGAGCCAGAAGCGGACC,105,315,OK,-108.0999984741211,0.9496,0.068903,0.600000,0.161905,-108.1000,-108.1000,0.949561,0.000039,0.0000,0.0000
17,MELAVGNLSEGNASWPEPPAPEPGPLFGIGVENFVTLVVFGLIFALGVLGNSLVITVLARSKPGKPRSTTNLFILNLSIADLAYLLFCIPFQATVYALPTWVLGAFICKFIHYFFTVSMLVSIFTLAAMSVDRYVAIVHSRRSSSLRVSRNALLGVGCIWALSIAMASPVAYHQGLFHPRASNQTFCWEQWPDPRHKKAYVVCTFVFGYLLPLLLICFCYAKVLNHLHKKLKNMSKKSEASKKKTAQTVLVVVVVFGISWLPHHIIHLWAEFGVFPLTPASFLFRITAHCLAYSNSSVNPIIYAFLSENFRKAYKQVFKCHIRKDSHLSDTKESKSRIDTPPSTNCTHV,ATGGAGTTGGCCGTGGGCAACCTCTCCGAAGGCAACGCCAGCTGGCCGGAGCCCCCGGCGCCCGAGCCCGGCCCCCTGTTCGGCATCGGGGTGGAGAACTTCGTGACGCTGGTGGTGTTCGGCCTGATCTTCGCGCTGGGGGTGCTGGGCAACAGCCTGGTGATCACGGTGCTGGCCCGCAGCAAGCCCGGGAAGCCCCGCAGCACCACCAACCTGTTCATCCTGAACTTGTCCATCGCCGACCTCGCCTACCTGCTCTTCTGCATCCCCTTCCAGGCCACCGTGTACGCCCTGCCCACCTGGGTCCTCGGCGCCTTCATCTGCAAGTTCATCCACTACTTCTTCACCGTGTCCATGCTCGTCTCCATCTTCACCCTGGCCGCCATGAGCGTGGACCGCTACGTGGCCATCGTCCACAGCAGGCGCAGCAGCTCGCTGCGCGTGTCGCGCAACGCGCTGCTGGGCGTCGGCTGCATCTGGGCCCTGAGCATCGCCATGGCCAGCCCGGTCGCCTACCACCAGGGATTGTTTCATCCCAGAGCCAGCAACCAGACATTCTGCTGGGAACAGTGGCCCGACCCCAGGCACAAGAAGGCCTACGTGGTGTGCACCTTCGTGTTTGGCTACCTCCTGCCCCTGCTGCTGATCTGCTTCTGTTACGCCAAGGTTCTGAACCACCTGCACAAGAAGCTCAAGAACATGAGCAAGAAGAGCGAGGCCTCCAAGAAGAAGACCGCCCAGACCGTGCTGGTGGTGGTGGTGGTGTTCGGCATCAGCTGGCTGCCCCACCACATCATCCATCTGTGGGCCGAGTTCGGCGTCTTCCCCCTGACCCCCGCCTCCTTCCTCTTCCGCATCACCGCCCACTGCCTGGCCTACAGCAACAGCAGCGTCAACCCCATCATCTACGCCTTCCTGAGCGAGAACTTCAGGAAGGCCTACAAGCAGGTCTTCAAGTGCCACATCCGGAAGGACAGCCACCTGAGCGACACCAAGGAGAGCAAGAGCAGGATCGACACCCCCCCCAGCACCAACTGCACCCACGTG,349,1047,OK,-400.0,0.9111,0.068952,0.632283,0.184336,-400.0000,-398.0000,0.911098,0.000002,0.0000,2.0000
18,MSTTLLSAFYDVDFLCKTEKSLANLNLNNMLDKKAVGTPVAAAPSSGFAPGFLRRHSASNLHALAHPAPSPGSCSPKFPGAANGSSCGSAAAGGPTSYGTLKEPSGGGGTALLNKENKFRDRSFSENGDRSQHLLHLQQQQKGGGGSQINSTRYKTELCRPFEESGTCKYGEKCQFAHGFHELRSLTRHPKYKTELCRTFHTIGFCPYGPRCHFIHNADERRPAPSGGASGDLRAFGTRDALHLGFPREPRPKLHHSLSFSGFPSGHHQPPGGLESPLLLDSPTSRTPPPPSCSSASSCSSSASSCSSASAASTPSGAPTCCASAAAAAAAALLYGTGGAEDLLAPGAPCAACSSASCANNAFAFGPELSSLITPLAIQTHNFAAVAAAAYYRSQQQQQQQGLAPPAQPPAPPSATLPAGAAAPPSPPFSFQLPRRLSDSPVFDAPPSPPDSLSDRDSYLSGSLSSGSLSGSESPSLDPGRRLPIFSRLSISDD,ATGTCGACCACGCTCCTGAGCGCCTTCTACGACGTGGACTTCCTCTGCAAGACCGAGAAGAGTCTCGCCAACCTGAACCTGAACAACATGCTGGACAAGAAGGCGGTGGGCACCCCCGTGGCCGCCGCCCCCAGCTCCGGCTTCGCGCCCGGCTTCCTGCGCCGCCACAGCGCCTCCAACCTGCACGCGCTGGCGCACCCGGCGCCGTCGCCCGGCAGCTGCAGCCCCAAGTTCCCCGGCGCCGCCAACGGCAGCAGCTGCGGCAGCGCGGCGGCGGGCGGCCCCACCAGCTACGGCACCCTGAAGGAGCCCTCTGGCGGCGGCGGCACCGCCCTGCTGAACAAGGAGAACAAGTTCCGCGACCGCAGCTTCAGCGAGAACGGCGACCGCAGCCAGCACCTGCTGCACCTCCAGCAGCAGCAGAAGGGGGGCGGCGGCTCCCAGATCAACAGCACCCGGTACAAGACGGAGCTGTGCCGCCCCTTCGAGGAGAGCGGCACCTGCAAGTACGGCGAGAAGTGCCAGTTCGCCCACGGATTCCACGAGCTGCGGAGCCTGACCAGGCACCCCAAGTACAAGACCGAGCTGTGCCGCACCTTCCACACCATCGGCTTCTGCCCCTACGGCCCCCGCTGCCACTTCATCCACAACGCGGACGAGCGCCGCCCGGCCCCCAGCGGGGGCGCGAGCGGCGACCTCCGCGCGTTCGGCACCCGGGACGCGCTGCACCTGGGCTTCCCCCGCGAGCCCAGGCCGAAGCTGCACCACTCCCTGAGCTTCAGCGGCTTCCCCAGCGGCCACCACCAGCCCCCGGGCGGCCTGGAGAGCCCCCTGCTGCTGGACAGCCCCACGTCGCGCACCCCCCCGCCGCCCAGCTGCTCCAGCGCTTCCAGCTGCAGCAGCAGCGCTTCCAGCTGCAGCAGCGCTTCCGCCGCTTCCACGCCCAGCGGCGCCCCCACCTGCTGCGCTTCGGCCGCCGCCGCCGCCGCCGCCGCCCTGCTGTACGGCACCGGGGGCGCCGAGGACCTCCTGGCGCCAGGCGCCCCGTGCGCCGCGTGCTCGAGCGCCTCGTGCGCCAACAACGCCTTCGCCTTCGGCCCGGAGCTGAGCAGCCTCATCACCCCGCTGGCCATCCAGACCCACAACTTCGCCGCGGTGGCCGCGGCGGCCTACTACCGCAGCCAGCAGCAGCAGCAGCAGCAGGGCCTGGCGCCGCCCGCCCAGCCGCCGGCTCCGCCGTCCGCGACGCTGCCCGCGGGGGCGGCGGCCCCCCCTAGCCCCCCCTTCAGCTTCCAGCTCCCCCGCCGGCTCAGCGACAGCCCGGTGTTCGACGCGCCCCCCAGCCCCCCCGACAGCCTGAGCGACCGCGACTCCTACCTGAGCGGCAGCCTGAGCAGCGGCAGCCTGAGCGGCAGCGAGAGCCCCAGCCTCGACCCCGGCCGCCGCCTCCCCATCTTCTCCCGCCTCAGCATCTCCGACGAC,494,1482,OK,-678.7000122070312,0.8511,0.045040,0.735493,0.111336,-678.7000,-645.5000,0.851059,0.000041,0.0000,33.2000
19,MSGLSGPPARRGPFPLALLLLFLLGPRLVLAISFHLPINSRKCLREEIHKDLLVTGAYEISDQSGGAGGLRSHLKITDSAGHILYSKEDATKGKFAFTTEDYDMFEVCFESKGTGRIPDQLVILDMKHGVEAKNYEEIAKVEKLKPLEVELRRLEDLSESIVNDFAYMKKREEEMRDTNESTNTRVLYFSIFSMFCLIGLATWQVFYLRRFFKAKKLIE,ATGTCCGGCCTGAGCGGCCCGCCCGCGCGCCGCGGGCCCTTCCCCCTGGCCCTGCTGCTGCTGTTCCTGCTGGGCCCGCGGCTGGTGCTGGCCATCAGCTTCCACCTGCCCATCAACTCCCGCAAGTGCCTGCGCGAGGAGATCCACAAGGACCTGCTGGTGACCGGCGCGTACGAGATCAGCGACCAGAGCGGCGGCGCGGGCGGCCTGCGCAGCCACCTCAAGATCACCGACAGCGCCGGCCACATCCTGTACAGCAAGGAGGACGCCACCAAGGGCAAGTTCGCCTTCACCACCGAGGACTACGACATGTTCGAGGTCTGCTTCGAGAGCAAGGGCACGGGCCGCATCCCCGACCAGCTGGTGATCCTGGACATGAAGCACGGCGTGGAGGCCAAGAACTACGAGGAGATCGCCAAGGTCGAGAAGCTCAAGCCCCTGGAGGTGGAGCTGCGCCGGCTGGAGGACCTGTCGGAGAGCATCGTGAACGACTTCGCCTACATGAAGAAGAGGGAGGAGGAAATGAGGGACACAAATGAAAGTACCAACACCAGAGTCTTGTATTTTTCCATATTTTCTATGTTTTGTTTAATAGGGCTTGCTACTTGGCAAGTTTTTTATTTAAGAAGATTCTTTAAAGCCAAAAAATTAATAGAA,219,657,OK,-239.6999969482422,0.8669,0.051088,0.585997,0.184170,-239.7000,-239.7000,0.866931,0.000031,0.0000,0.0000
20,MSLLLLVVSALHILILILLFVATLDKSWWTLPGKESLNLWYDCTWNNDTKTWACSNVSENGWLKAVQVLMVLSLILCCLSFILFMFQLYTMRRGGLFYATGLCQLCTSVAVFTGALIYAIHAEEILEKHPRGGSFGYCFALAWVAFPLALVSGIIYIHLRKRE,ATGAGCCTGCTGCTGCTGGTGGTGAGTGCCCTGCACATCCTCATCCTGATCCTGCTGTTCGTGGCCACCCTGGACAAGTCCTGGTGGACCCTGCCCGGCAAGGAGAGCCTGAACCTGTGGTACGACTGCACCTGGAACAACGACACCAAGACCTGGGCCTGCAGCAACGTGTCGGAGAACGGCTGGCTGAAGGCGGTGCAGGTGCTCATGGTGCTCTCCCTGATCCTGTGCTGCCTCAGCTTCATCCTCTTCATGTTCCAGCTCTACACCATGCGCCGCGGCGGCCTCTTCTACGCGACCGGCCTGTGCCAGCTCTGCACCTCCGTGGCCGTGTTCACCGGCGCCCTCATCTACGCCATCCACGCCGAGGAGATCCTGGAGAAGCACCCGCGCGGCGGCAGCTTCGGCTACTGCTTCGCCCTGGCCTGGGTGGCCTTCCCCCTGGCCCTGGTGTCCGGCATCATCTACATCCACCTGCGGAAGCGGGAG,163,489,OK,-197.60000610351562,0.9237,0.087199,0.644172,0.204499,-197.6000,-197.6000,0.923712,0.000012,0.0000,0.0000
21,MVLLHVKRGDESQFLLQAPGSTELEELTVQVARVYNGRLKVQRLCSEMEELAEHGIFLPPNMQGLTDDQIEELKLKDEWGEKCVPSGGAVFKKDDIGRRNGQAPNEKMKQVLKKTIEEAKAIISKKQVEAGVCVTMEMVKDALDQLRGAVMIVYPMGLPPYDPIRMEFENKEDLSGTQAGLNVIKEAEAQLWWAAKELRRTKKLSDYVGKNEKTKIIAKIQQRGQGAPAREPIISSEEQKQLMLYYHRRQEELKRLEENDDDAYLNSPWADNTALKRHFHGVKDIKWRPR,ATGGTCCTCCTGCACGTGAAGCGCGGCGACGAGAGCCAGTTCCTGCTGCAGGCCCCGGGGTCCACCGAGCTGGAGGAGCTGACCGTGCAGGTGGCCCGCGTGTACAACGGCCGCCTGAAGGTGCAGCGGCTGTGCAGCGAGATGGAGGAGCTGGCCGAGCACGGCATCTTCCTGCCCCCCAACATGCAGGGCCTCACCGACGACCAGATCGAGGAGCTGAAGCTGAAGGACGAGTGGGGCGAGAAGTGTGTGCCCTCCGGCGGCGCCGTGTTCAAGAAGGACGACATCGGCCGCCGCAACGGGCAGGCCCCCAACGAGAAGATGAAGCAGGTCCTGAAGAAGACCATCGAGGAGGCCAAGGCCATCATCAGCAAGAAGCAGGTGGAGGCCGGCGTGTGCGTGACCATGGAGATGGTGAAGGACGCCCTGGACCAGCTGCGCGGCGCCGTGATGATCGTCTACCCGATGGGCCTGCCCCCGTACGACCCCATCCGCATGGAGTTCGAGAACAAGGAAGATCTGAGTGGAACACAAGCTGGATTAAATGTCATCAAAGAAGCAGAGGCTCAGCTTTGGTGGGCAGCTAAAGAACTGAGAAGGACTAAGAAACTTTCTGATTATGTGGGAAAAAACGAAAAAACTAAAATAATAGCTAAAATTCAGCAGAGGGGTCAAGGTGCACCTGCAAGAGAACCAATTATATCCAGTGAAGAACAAAAACAACTGATGTTGTATTATCATAGAAGACAAGAAGAACTGAAAAGACTTGAAGAGAATGATGATGATGCATATCTTAATTCACCATGGGCAGATAATACTGCATTAAAGAGGCATTTTCATGGTGTAAAAGATATAAAATGGAGACCTAGA,290,870,OK,-299.0,0.8385,0.027391,0.536782,0.166667,-299.0000,-299.0000,0.838513,0.000013,0.0000,0.0000
22,MAAAPQAPGRGSLRKTRPLVVKTSLNNPYIIRWSALESEDMHFILQTLEDRLKAIGLQKIEDKKKKNKTPFLKKESREKCSIAVDISENLKEKKTDAKQQVSGWTPAHVRKQLAIGVNEVTRALERRELLLVLVCKSVKPAMITSHLIQLSLSRSVPACQVPRLSERIAPVIGLKCVLALAFKKNTTDFVDEVRAIIPRVPSLSVPWLQDRIEDSGENLETEPLESQDRELLDTSFEDLSKPKRKLADGRQASVTLQPLKIKKLIPNPNKIRKPPKSKKATPK,ATGGCGGCGGCGCCCCAGGCCCCCGGGAGGGGCTCCCTGCGCAAGACGCGGCCCCTGGTGGTGAAGACCTCACTGAACAACCCCTACATCATCCGCTGGAGCGCGCTGGAGAGTGAGGACATGCACTTCATCCTGCAGACCCTGGAGGACAGGCTCAAGGCCATCGGGCTGCAGAAGATAGAGGACAAGAAGAAGAAGAACAAGACCCCCTTCCTGAAGAAGGAGAGCCGCGAGAAGTGCAGCATCGCCGTGGACATCTCCGAGAACCTGAAGGAGAAGAAGACCGACGCCAAGCAGCAGGTGAGCGGCTGGACGCCCGCCCACGTGCGGAAGCAGCTGGCCATCGGCGTGAACGAGGTGACCCGGGCCCTGGAGCGCCGGGAGCTGCTGCTGGTGCTGGTCTGCAAGAGCGTGAAGCCCGCCATGATCACCTCCCACCTGATCCAGCTGTCCCTGAGCCGCAGCGTGCCCGCCTGCCAGGTGCCCCGCCTGTCCGAGCGCATCGCCCCCGTGATTGGCTTGAAATGTGTGCTCGCACTGGCCTTCAAGAAGAACACTACTGATTTTGTGGATGAAGTGAGGGCCATCATCCCTCGAGTGCCTTCTTTGTCTGTTCCTTGGCTTCAAGATCGAATTGAAGATTCAGGGGAAAACCTAGAAACCGAGCCATTGGAATCTCAGGATAGGGAACTTTTGGATACATCTTTTGAAGATTTATCAAAACCAAAGAGAAAACTTGCAGATGGAAGGCAGGCATCAGTTACTTTGCAACCTCTAAAAATAAAAAAATTAATTCCAAATCCAAATAAAATTAGAAAGCCTCCTAAATCAAAAAAGGCAACACCAAAA,283,849,OK,-283.1000061035156,0.8309,0.025179,0.552415,0.175501,-283.1000,-279.3000,0.830880,0.000020,0.0000,3.8000
23,MAAPRDNVTLLFKLYCLAVMTLMAAVYTIALRYTRTSDKELYFSTTAVCITEVIKLLLSVGILAKETGSLGRFKASLRENVLGSPKELLKLSVPSLVYAVQNNMAFLALSNLDAAVYQVTYQLKIPCTALCTVLMLNRTLSKLQWVSVFMLCAGVTLVQWKPAQATKVVVEQNPLLGFGAIAIAVLCSGFAGVYFEKVLKSSDTSLWVRNIQMYLSGIIVTLAGVYLSDGAEIKEKGFFYGYTYYVWFVIFLASVGGLYTSVVVKYTDNIMKGFSAAAAIVLSTIASVMLFGLQITLTFALGTLLVCVSIYLYGLPRQDTTSIQQGETASKERVIGV,ATGGCGGCGCCCCGGGACAACGTGACCCTGCTGTTCAAGCTGTACTGCCTGGCCGTGATGACCCTGATGGCCGCCGTCTACACCATCGCCCTGCGCTACACGCGCACCTCCGACAAGGAGCTGTACTTCAGCACCACGGCCGTGTGCATCACCGAGGTGATCAAGCTGCTGCTGTCCGTGGGCATCCTGGCCAAGGAGACCGGCTCCCTGGGCCGCTTCAAGGCCTCCCTGAGGGAGAACGTGCTGGGCAGCCCCAAGGAGCTGCTGAAGCTGAGCGTCCCCAGCCTGGTCTACGCCGTCCAGAACAACATGGCCTTCCTGGCCCTGAGCAACCTGGACGCCGCCGTGTACCAGGTGACCTACCAGCTGAAGATCCCCTGCACCGCCCTGTGCACCGTGCTGATGCTGAACCGCACCCTGAGCAAGCTGCAGTGGGTGTCCGTCTTCATGCTGTGCGCCGGCGTGACCCTGGTGCAGTGGAAGCCCGCCCAGGCCACCAAGGTGGTGGTCGAGCAGAACCCCTTGCTGGGATTTGGAGCCATAGCCATTGCCGTGCTCTGCAGCGGCTTCGCTGGCGTGTACTTCGAGAAGGTACTGAAGTCATCCGACACTTCACTGTGGGTGCGGAACATCCAGATGTACCTGAGCGGCATCATCGTGACCCTGGCCGGCGTGTACCTGAGCGACGGGGCCGAGATCAAGGAGAAGGGGTTCTTCTACGGCTACACGTACTACGTGTGGTTCGTGATCTTCCTGGCCAGCGTGGGCGGCCTCTACACCTCCGTCGTCGTCAAGTACACCGACAACATCATGAAGGGCTTCAGCGCGGCCGCCGCCATCGTGCTCTCCACCATCGCCTCCGTCATGCTGTTCGGCCTGCAGATCACCCTGACCTTCGCCCTGGGCACCCTGCTGGTCTGCGTCTCCATCTACCTGTACGGCCTGCCCCGCCAGGACACCACCTCCATCCAGCAGGGCGAGACCGCCTCCAAGGAGCGCGTGATCGGGGTG,337,1011,OK,-408.70001220703125,0.9240,0.086635,0.636993,0.189911,-408.7000,-404.0000,0.923968,0.000032,0.0000,4.7000
24,MRLAGPLRIVVLVVSVGVTWIVVSILLGGPGSGFPRIQQLFTSPESSVTAAPRARKYKCGLPQPCPEEHLAFRVVSGAANVIGPKICLEDKMLMSSVKDNVGRGLNIALVNGVSGELIEARAFDMWAGDVNDLLKFIRPLHEGTLVFVASYDDPATKMNEETRKLFSELGSRNAKELAFRDSWVFVGAKGVQNKSPFEQHVKNSKHSNKYEGWPEALEMEGCIPRRSTAS,ATGAGGCTGGCCGGCCCCCTGAGGATCGTGGTGCTGGTGGTGTCCGTGGGGGTGACCTGGATCGTGGTGTCGATCCTGCTGGGGGGCCCGGGGAGCGGCTTCCCGCGGATCCAGCAGCTGTTCACCTCCCCCGAGAGCAGCGTCACGGCCGCCCCCAGGGCCCGCAAGTACAAGTGCGGCCTCCCGCAGCCGTGCCCCGAGGAGCACCTGGCGTTCCGCGTGGTGAGCGGCGCCGCCAACGTGATCGGCCCCAAGATCTGCCTGGAGGACAAGATGCTGATGTCCAGCGTCAAGGACAACGTGGGCCGCGGCCTGAACATCGCCCTCGTGAACGGCGTGAGCGGCGAGCTGATCGAGGCCCGCGCCTTCGACATGTGGGCTGGCGACGTGAACGACCTGCTCAAGTTCATCCGACCCCTGCACGAGGGGACCCTGGTGTTCGTGGCCTCCTACGACGACCCGGCCACCAAGATGAACGAGGAGACGCGCAAGCTGTTCTCGGAGCTGGGCTCAAGAAATGCCAAGGAGCTGGCTTTTCGCGACTCCTGGGTGTTTGTGGGGGCAAAGGGAGTGCAGAACAAGTCTCCCTTCGAGCAGCACGTGAAGAACAGCAAGCACAGCAACAAGTACGAGGGGTGGCCCGAGGCGCTGGAGATGGAGGGGTGCATCCCCAGGCGCAGTACCGCCTCT,230,690,OK,-308.70001220703125,0.8989,0.067704,0.659420,0.157971,-308.7000,-308.4000,0.898927,0.000027,0.0000,0.3000
25,MLPDFMLVLIVLGIPSSATTGFNSIAENEDALLRHLFQGYQKWVRPVLHSNDTIKVYFGLKISQLVDVDEKNQLMTTNVWLKQEWTDHKLRWNPDDYGGIHSIKVPSESLWLPDIVLFENADGRFEGSLMTKVIVKSNGTVVWTPPASYKSSCTMDVTFFPFDRQNCSMKFGSWTYDGTMVDLILINENVDRKDFFDNGEWEILNAKGMKGNRRDGVYSYPFITYSFVLRRLPLFYTLFLIIPCLGLSFLTVLVFYLPSDEGEKLSLSTSVLVSLTVFLLVIEEIIPSSSKVIPLIGEYLLFIMIFVTLSIIVTVFVINVHHRSSSTYHPMAPWVKRLFLQKLPKLLCMKDHVDRYSSPEKEESQPVVKGKVLEKKKQKQLSDGEKVLVAFLEKAADSIRYISRHVKKEHFISQVVQDWKFVAQVLDRIFLWLFLIVSVTGSVLIFTPALKMWLHSYH,ATGCTCCCAGACTTCATGCTGGTGCTGATCGTCCTGGGCATCCCCAGCAGCGCCACCACCGGCTTCAACAGCATCGCTGAGAACGAGGACGCCCTGCTGCGCCACCTGTTCCAGGGCTACCAGAAGTGGGTGCGCCCCGTGCTGCACAGCAACGACACCATCAAGGTGTACTTCGGCCTCAAGATCAGCCAGCTCGTGGACGTGGACGAGAAGAACCAGCTCATGACCACCAACGTGTGGCTGAAGCAGGAGTGGACCGACCACAAGCTGCGCTGGAACCCCGACGACTACGGCGGCATCCACAGCATCAAGGTGCCCAGCGAGAGCCTGTGGCTGCCCGACATCGTGCTGTTCGAGAACGCCGACGGCCGCTTCGAGGGCAGCCTGATGACCAAGGTGATCGTCAAGTCCAACGGCACCGTGGTCTGGACCCCCCCCGCCAGCTACAAGTCCAGCTGCACCATGGACGTGACCTTCTTCCCCTTCGACCGCCAGAACTGCTCCATGAAGTTTGGAAGCTGGACGTACGACGGCACCATGGTGGACCTGATCCTGATCAACGAGAACGTGGACCGCAAGGACTTCTTCGACAACGGCGAGTGGGAGATTCTGAATGCCAAGGGCATGAAGGGGAACCGGAGGGACGGCGTGTACAGCTACCCCTTCATCACCTACTCCTTCGTGCTGCGCCGGCTCCCTCTCTTCTACACCCTGTTCCTGATCATCCCGTGCCTGGGCCTGAGCTTCCTCACCGTGCTGGTTTTCTACCTGCCCTCCGACGAGGGCGAAAAACTCAGCCTGAGCACCAGCGTGCTGGTGAGCCTGACCGTGTTCCTGCTGGTGATCGAGGAGATCATCCCCAGCAGCAGCAAGGTGATCCCGCTGATCGGCGAGTACCTGCTCTTCATCATGATCTTCGTGACGCTGAGCATCATCGTGACCGTGTTCGTCATCAACGTGCACCACCGCAGCTCCTCCACCTACCACCCCATGGCCCCCTGGGTGAAGCGCCTCTTCCTGCAGAAGCTGCCCAAACTGCTGTGCATGAAGGACCACGTGGACAGGTACAGCAGCCCCGAGAAGGAGGAGAGCCAGCCTGTGGTGAAGGGCAAGGTGCTGGAGAAGAAGAAGCAGAAGCAGCTGTCCGACGGGGAGAAGGTGCTGGTGGCCTTCCTGGAGAAGGCCGCCGACAGCATCCGCTACATCAGCCGGCACGTGAAGAAGGAGCACTTCATCTCCCAGGTGGTGCAGGACTGGAAGTTCGTGGCCCAGGTGCTCGACCGCATCTTCCTGTGGCTGTTCCTGATCGTCAGCGTGACCGGCAGCGTCCTGATCTTCACCCCCGCCCTGAAGATGTGGCTCCACAGCTACCAC,458,1374,OK,-531.4000244140625,0.9498,0.079192,0.609170,0.181951,-531.4000,-519.8000,0.949803,0.000003,0.0000,11.6000
26,MPMYQVKPYHGGGAPLRVELPTCMYRLPNVHGRSYGPAPGAGHVQEESNLSLQALESRQDDILKRLYELKAAVDGLSKMIQTPDADLDVTNIIQADEPTTLTTNALDLNSVLGKDYGALKDIVINANPASPPLSLLVLHRLLCEHFRVLSTVHTHSSVKSVPENLLKCFGEQNKKQPRQDYQLGFTLIWKNVPKTQMKFSIQTMCPIEGEGNIARFLFSLFGQKHNAVNATLIDSWVDIAIFQLKEGSSKEKAAVFRSMNSALGKSPWLAGNELTVADVVLWSVLQQIGGCSVTVPANVQRWMRSCENLAPFNTALKLLK,ATGCCGATGTACCAGGTGAAGCCCTACCACGGCGGGGGCGCGCCGCTGCGGGTGGAGCTGCCCACCTGCATGTACCGCCTGCCCAACGTGCACGGCCGCAGCTACGGCCCGGCGCCGGGCGCCGGCCACGTGCAGGAGGAGAGCAACCTGAGCCTCCAGGCCCTGGAGAGCCGCCAGGACGACATCCTGAAGCGGCTGTACGAGCTGAAGGCGGCCGTGGACGGCCTGTCCAAGATGATCCAGACGCCCGACGCCGACCTGGACGTGACCAACATCATCCAGGCCGACGAGCCCACCACCCTGACCACCAACGCCCTCGACCTGAACAGCGTCCTGGGCAAGGACTACGGCGCCCTGAAGGACATCGTGATCAACGCCAACCCCGCCAGCCCGCCCCTGTCCCTGCTGGTGCTGCACCGCCTGCTCTGCGAGCACTTCCGCGTGCTGAGCACCGTCCACACCCACAGCAGCGTGAAGAGCGTGCCGGAGAACCTGCTGAAGTGCTTCGGCGAACAGAACAAGAAGCAGCCCAGGCAGGATTATCAGCTTGGATTCACACTCATCTGGAAGAACGTGCCCAAGACCCAGATGAAGTTCTCCATCCAAACAATGTGCCCAATTGAAGGGGAAGGCAACATCGCTCGGTTTCTCTTCTCCCTGTTTGGCCAGAAGCATAACGCTGTGAACGCCACCCTGATCGACAGCTGGGTGGACATCGCCATTTTCCAGCTGAAGGAGGGCAGCAGCAAGGAGAAGGCAGCCGTGTTCCGGAGCATGAACAGCGCCCTGGGCAAGTCCCCCTGGCTGGCCGGCAACGAGCTGACCGTGGCCGACGTGGTCCTGTGGAGCGTGCTGCAGCAGATCGGCGGCTGCAGCGTGACCGTGCCCGCGAACGTCCAGCGCTGGATGCGCAGCTGCGAGAACCTCGCCCCCTTCAACACCGCCCTGAAGCTGCTGAAG,320,960,OK,-387.5,0.9136,0.065766,0.643750,0.144792,-387.5000,-380.9000,0.913613,0.000013,0.0000,6.6000
27,MEDERSFSDICGGRLALQRRYYSPSCREFCLSCPRLSLRSLTAVTCTVWLAAYGLFTLCENSMILSAAIFITLLGLLGYLHFVKIDQETLLIIDSLGIQMTSSYASGKESTTFIEMGKVKDIVINEAIYMQKVIYYLCILLKDPVEPHGISQVVPVFQSAKPRLDCLIEVYRSCQEILAHQKATSTSP,ATGGAGGACGAGAGGAGCTTCAGCGACATCTGCGGCGGCCGGCTGGCGCTGCAGCGCCGCTACTACAGCCCCTCCTGCCGCGAGTTCTGCCTGAGCTGCCCGCGGCTGAGCCTGCGCAGCCTCACCGCCGTGACCTGCACGGTGTGGCTGGCCGCTTACGGCCTGTTCACCCTCTGCGAGAACAGCATGATCCTGTCCGCCGCCATCTTCATCACCCTGCTGGGCCTGCTCGGCTACCTCCACTTCGTGAAGATCGACCAGGAGACGCTCCTGATCATCGACAGCCTGGGCATCCAGATGACCAGCTCCTACGCCAGCGGCAAGGAGAGCACCACCTTCATCGAGATGGGCAAGGTGAAGGACATCGTCATCAACGAGGCCATCTACATGCAGAAGGTGATCTACTACCTGTGCATCCTGCTGAAGGACCCCGTGGAGCCCCACGGCATCAGCCAGGTGGTGCCCGTGTTCCAGAGCGCCAAGCCCCGCCTGGACTGCCTGATCGAGGTGTATAGAAGTTGTCAAGAAATCCTGGCCCATCAAAAAGCTACTTCTACTTCACCT,188,564,OK,-212.3000030517578,0.9173,0.066032,0.613475,0.186170,-212.3000,-212.3000,0.917325,0.000025,0.0000,0.0000
28,MLLLARCLLLVLVSSLLVCSGLACGPGRGFGKRRHPKKLTPLAYKQFIPNVAEKTLGASGRYEGKISRNSERFKELTPNYNPDIIFKDEENTGADRLMTQRCKDKLNALAISVMNQWPGVKLRVTEGWDEDGHHSEESLHYEGRAVDITTSDRDRSKYGMLARLAVEAGFDWVYYESKAHIHCSVKAENSVAAKSGGCFPGSATVHLEQGGTKLVKDLSPGDRVLAADDQGRLLYSDFLTFLDRDDGAKKVFYVIETREPRERLLLTAAHLLFVAPHNDSATGEPEASSGSGPPSGGALGPRALFASRVRPGQRVYVVAERDGDRRLLPAAVHSVTLSEEAAGAYAPLTAQGTILINRVLASCYAVIEEHSWAHRAFAPFRLAHALLAALAPARTDRGGDSGGGDRGGGGGRVALTAPGAADAPGAGATAGIHWYSQLLYQIGTWLLDSEALHPLGMAVKSS,ATGCTGCTGCTGGCCCGCTGCCTGCTGCTGGTGCTGGTGAGCAGCCTGCTCGTGTGCAGCGGCCTGGCCTGCGGGCCCGGCCGCGGCTTCGGCAAGCGCCGGCACCCCAAGAAGCTGACCCCCCTGGCCTACAAGCAGTTCATCCCCAACGTGGCCGAGAAGACGCTGGGCGCCAGCGGGCGCTACGAGGGCAAGATCAGCCGCAACAGCGAGCGCTTCAAGGAGCTGACCCCCAACTACAACCCCGACATCATCTTCAAGGACGAGGAGAACACCGGCGCCGACCGCCTGATGACCCAGCGCTGCAAGGACAAGCTGAACGCCCTCGCCATCAGCGTCATGAACCAGTGGCCCGGCGTGAAGCTGCGGGTGACCGAGGGCTGGGACGAGGACGGCCACCACAGCGAGGAGAGCCTGCACTACGAGGGCCGCGCCGTGGACATCACCACCTCCGACCGCGACCGCTCCAAGTACGGCATGCTGGCCCGCCTGGCCGTCGAGGCGGGCTTCGACTGGGTGTATTATGAGAGCAAGGCCCACATCCACTGCAGCGTCAAGGCCGAAAACAGCGTGGCCGCCAAGTCTGGCGGCTGCTTCCCTGGCAGCGCCACAGTGCACCTGGAACAGGGGGGCACCAAGCTGGTGAAGGATCTGAGCCCTGGGGACCGGGTGCTGGCCGCCGACGACCAGGGCCGCCTGCTGTACAGCGACTTCCTCACGTTCCTGGACCGGGACGACGGCGCCAAGAAGGTGTTCTACGTGATCGAGACGCGGGAGCCGCGCGAGCGCCTGCTGCTGACCGCCGCCCACCTGCTCTTCGTGGCCCCCCACAACGACTCGGCCACGGGCGAGCCCGAGGCCAGCTCGGGCAGCGGCCCCCCCAGCGGCGGCGCCCTGGGCCCCCGCGCCCTGTTCGCCTCGCGGGTCCGCCCCGGCCAGCGCGTCTACGTGGTGGCCGAGCGGGACGGCGACCGCCGGCTGCTGCCGGCCGCCGTGCACAGCGTGACCCTGAGCGAGGAGGCCGCGGGCGCGTACGCGCCCCTGACCGCCCAGGGCACCATCCTGATCAACCGCGTGCTGGCCTCCTGCTACGCCGTGATCGAGGAGCACAGCTGGGCGCACCGCGCCTTCGCGCCCTTCCGCCTGGCGCACGCGCTGCTGGCGGCTCTGGCGCCCGCCCGCACGGACCGCGGCGGCGACTCCGGCGGCGGCGACCGCGGCGGCGGCGGCGGCCGGGTGGCGCTGACCGCCCCCGGCGCGGCGGACGCGCCGGGCGCCGGGGCCACGGCGGGCATCCACTGGTACAGCCAGCTCCTCTACCAGATCGGCACCTGGCTGCTCGACAGCGAGGCCCTGCACCCCCTGGGCATGGCCGTGAAGAGCAGC,462,1386,OK,-699.0999755859375,0.8951,0.067969,0.722944,0.120491,-699.1000,-696.2000,0.895086,0.000014,0.0000,2.9000
29,MLSSIKCVLVGDSAVGKTSLLVRFTSETFPEAYKPTVYENTGVDVFMDGIQISLGLWDTAGNDAFRSIRPLSYQQADVVLMCYSVANHNSFLNLKNKWIGEIRSNLPCTPVLVVATQTDQREMGPHRASCVNAMEGKKLAQDVRAKGYLECSALSNRGVQQVFECAVRTAVNQARRRNRRRLFSINECKIF,ATGCTGTCCAGCATCAAGTGCGTCCTGGTGGGCGACTCGGCCGTGGGCAAGACCTCGCTGCTGGTCCGCTTCACCTCGGAGACCTTCCCCGAGGCCTACAAGCCGACCGTGTACGAGAACACCGGCGTCGACGTGTTCATGGACGGCATCCAGATCAGCCTGGGCCTGTGGGACACCGCCGGCAACGACGCGTTCCGCAGCATCCGCCCGCTGAGCTACCAGCAGGCGGACGTGGTGCTGATGTGCTACAGCGTCGCCAACCACAACAGCTTCCTGAACCTCAAGAACAAGTGGATCGGCGAGATCCGCAGCAACCTGCCCTGCACCCCCGTGCTGGTGGTGGCCACCCAGACCGACCAGCGCGAGATGGGCCCGCACCGCGCCAGCTGCGTGAACGCCATGGAGGGCAAGAAGCTGGCCCAGGACGTGCGGGCCAAGGGCTACCTGGAGTGCAGCGCCTTGTCCAACCGGGGCGTCCAGCAGGTGTTCGAGTGCGCCGTGCGCACCGCCGTGAACCAGGCCCGGCGGCGGAATCGGCGCAGGCTCTTCTCCATCAACGAGTGCAAGATCTTC,191,573,OK,-254.0,0.9093,0.073050,0.661431,0.150087,-254.0000,-250.8000,0.909273,0.000027,0.0000,3.2000
30,MKVTSLDGRQLRKMLRKEAAARCVVLDCRPYLAFAASNVRGSLNVNLNSVVLRRARGGAVSARYVLPDEAARARLLQEGGGGVAAVVVLDQGSRHWQKLREESAARVVLTSLLACLPAGPRVYFLKGGYETFYSEYPECCVDVKPISQEKIESERALISQCGKPVVNVSYRPAYDQGGPVEILPFLYLGSAYHASKCEFLANLHITALLNVSRRTSEACATHLHYKWIPVEDSHTADISSHFQEAIDFIDCVREKGGKVLVHCEAGISRSPTICMAYLMKTKQFRLKEAFDYIKQRRSMVSPNFGFMGQLLQYESEILPSTPNPQPPSCQGEAAGSSLIGHLQTLSPDMQGAYCTFPASVLAPVPTHSTVSELSRSPVATATSC,ATGAAGGTGACCAGCCTGGACGGCCGCCAGCTGCGCAAGATGCTGCGGAAGGAGGCGGCGGCGCGCTGCGTGGTGCTGGACTGCCGCCCGTACCTGGCCTTCGCCGCCAGCAACGTGCGCGGCAGCCTGAACGTGAACCTGAACTCGGTGGTGCTGCGGCGCGCGCGCGGCGGCGCCGTGAGCGCCCGCTACGTGCTGCCCGACGAGGCCGCGCGGGCGCGCCTGCTGCAGGAGGGCGGCGGCGGCGTGGCGGCCGTGGTGGTGCTGGACCAGGGCAGCCGCCACTGGCAGAAGCTGCGGGAGGAGAGCGCGGCCCGCGTGGTGCTGACCAGCCTGCTGGCCTGCCTGCCCGCCGGCCCCCGCGTGTACTTCCTGAAGGGCGGCTACGAGACCTTCTACAGCGAGTACCCCGAGTGCTGCGTGGACGTGAAGCCCATCTCCCAGGAGAAGATCGAGAGCGAGCGCGCCCTGATCTCGCAGTGCGGGAAGCCGGTGGTGAACGTGTCCTACAGGCCTGCTTATGATCAAGGAGGTCCAGTGGAGATATTACCCTTTTTGTATTTGGGAAGTGCTTATCATGCCAGCAAATGTGAATTTTTGGCTAACCTACACATTACTGCTCTTTTGAATGTGAGCAGGAGAACATCAGAGGCCTGTGCCACACATTTACACTATAAATGGATTCCAGTGGAAGATTCTCATACTGCAGATATTTCATCTCATTTTCAGGAAGCAATTGATTTTATTGATTGTGTAAGAGAAAAAGGTGGAAAAGTATTAGTTCATTGTGAGGCTGGAATCAGCAGGTCTCCAACAATTTGCATGGCTTATTTAATGAAAACCAAGCAATTTAGATTAAAAGAAGCATTTGATTATATCAAACAGAGAAGGAGTATGGTTTCTCCAAATTTTGGCTTTATGGGACAACTGCTTCAGTATGAAAGTGAAATACTTCCTTCTACTCCAAATCCACAACCTCCCAGCTGTCAGGGTGAAGCTGCTGGAAGTTCTCTGATTGGACACCTTCAGACCCTCTCCCCAGACATGCAGGGGGCCTACTGCACCTTCCCCGCCTCCGTGCTGGCCCCGGTCCCCACCCACAGCACCGTGAGCGAGCTGTCCCGCAGCCCCGTGGCCACCGCCACCTCCTGC,384,1152,OK,-457.1000061035156,0.8106,0.019204,0.573785,0.212674,-457.1000,-451.3000,0.810643,0.000043,0.0000,5.8000
31,MTWSATARGAHQPDNTAFTQQRLPAWQPLLSASIALPLFFCAGLAFIGLGLGLYYSSNGIKELEYDYTGDPGTGNCSVCAAAGQGRALPPPCSCAWYFSLPELFQGPVYLYYELTNFYQNNRRYGVSRDDAQLSGLPSALRHPVNECAPYQRSAAGLPIAPCGAIANSLFNDSFSLWHQRQPGGPYVEVPLDRSGIAWWTDYHVKFRNPPLVNGSLALAFQGTAPPPNWRRPVYELSPDPNNTGFINQDFVVWMRTAALPTFRKLYARIRQGNYSAGLPRGAYRVNITYNYPVRAFGGHKLLIFSSISWMGGKNPFLGIAYLVVGSLCILTGFVMLVVYIRYQDQDDDDEE,ATGACGTGGAGCGCCACCGCGCGAGGCGCCCATCAGCCCGACAACACCGCCTTCACCCAGCAGCGGCTGCCCGCGTGGCAGCCGCTGCTGTCCGCCAGCATCGCCCTGCCCCTCTTCTTCTGCGCCGGGCTGGCCTTCATCGGCCTGGGCCTCGGCCTCTACTACAGCAGCAACGGCATCAAGGAGCTGGAGTATGACTACACCGGCGACCCCGGCACGGGCAACTGCAGCGTGTGCGCCGCCGCCGGCCAGGGCCGCGCCCTGCCCCCGCCCTGCAGCTGCGCCTGGTACTTCAGCCTGCCCGAGCTCTTCCAGGGCCCCGTCTACCTGTACTACGAGCTCACCAACTTCTACCAGAACAACCGCCGCTACGGGGTGAGCCGGGACGACGCGCAGCTGAGCGGCCTGCCCTCCGCGCTGCGCCACCCGGTGAACGAGTGCGCCCCGTACCAGCGGTCCGCCGCCGGCCTCCCCATCGCCCCCTGCGGGGCCATCGCCAACAGCCTGTTCAATGATTCCTTCAGCTTGTGGCACCAGAGACAGCCAGGAGGGCCTTATGTTGAGGTCCCTTTGGATAGAAGTGGAATCGCATGGTGGACCGATTACCATGTCAAATTCAGGAACCCTCCACTGGTGAATGGTTCTCTAGCATTGGCTTTTCAGGGGACTGCCCCACCCCCAAATTGGAGGAGGCCCGTGTATGAGCTGTCCCCAGATCCCAATAACACGGGCTTTATTAACCAGGATTTTGTGGTCTGGATGAGGACAGCAGCATTGCCTACCTTCAGGAAGCTGTATGCCAGAATCAGGCAGGGCAACTATAGCGCTGGACTTCCTCGGGGAGCATACAGAGTGAACATTACCTACAACTACCCAGTGCGAGCTTTTGGCGGCCACAAGCTGCTGATTTTCAGCAGCATCTCCTGGATGGGAGGCAAGAATCCCTTCCTGGGCATCGCTTACCTGGTGGTGGGCAGCCTCTGCATCCTGACCGGGTTCGTCATGCTGGTGGTCTACATCAGATACCAGGATCAAGATGATGATGACGAGGAG,351,1053,OK,-430.79998779296875,0.8659,0.049734,0.618234,0.190883,-430.8000,-426.8000,0.865890,0.000010,0.0000,4.0000
32,MGRTYIVEETVGQYLSNINLQGKAFVSGLLIGQCSSQKDYVILATRTPPKEEQSENLKHPKAKLDNLDEEWATEHACQVSRMLPGGLLVLGVFIITTLELANDFQNALRRLMFAVEKSINRKRLWNFTEEEVSERVTLHICASTKKIFCRTYDIHDPKSSARPADWKYQSGLSSSWLSLECTVHINIHIPLSATSVSYTLEKNTKNGLTRWAKEIENGVYLINGQVKDEDCDLLEGQKKSSRGNTQATSHSFDVRVLTQLLLNSDHRSTATVQICSGSVNLKGAVKCRAYIHSSKPKVKDAVQAVKRDILNTVADRCEMLFEDLLLNEIPEKKDSEKEFHVLPYRVFVPLPGSTVMLCDYKFDDESAEEIRDHFMEMLDHTIQIEDLEIAEETNTACMSSSMNSQASLDNTDDEQPKQPIKTTMLLKIQQNIGVIAAFTVAVLAAGISFHYFSD,ATGGGCAGGACGTACATCGTGGAGGAGACGGTGGGGCAGTACCTCAGCAACATCAACCTGCAGGGCAAGGCCTTCGTGTCTGGGCTGCTGATCGGGCAGTGCTCTTCCCAGAAGGACTACGTGATCCTGGCCACCCGGACGCCCCCGAAGGAGGAGCAGAGCGAGAACCTGAAGCACCCCAAGGCCAAGCTGGACAACCTGGACGAGGAGTGGGCCACCGAGCACGCGTGCCAGGTGTCGCGCATGCTGCCCGGCGGCCTGCTGGTGCTGGGGGTGTTCATCATCACCACGCTGGAGCTGGCCAACGACTTCCAGAACGCCCTGCGCCGGCTCATGTTTGCCGTGGAGAAGTCCATCAACCGCAAGCGGCTGTGGAACTTCACGGAGGAGGAGGTGTCGGAGCGCGTGACCCTGCACATCTGCGCCTCCACGAAGAAGATCTTCTGCCGCACCTACGACATCCACGACCCCAAGAGCTCGGCCCGCCCCGCCGACTGGAAGTACCAGAGCGGCCTCTCCAGCAGCTGGCTCTCTCTGGAGTGCACCGTCCACATCAACATCCACATCCCCCTGTCCGCCACCTCTGTCTCTTACACTCTGGAGAAGAACACCAAGAACGGCCTGACCAGGTGGGCCAAGGAGATCGAGAATGGCGTGTACCTCATCAACGGCCAGGTGAAGGACGAGGACTGCGACCTGCTGGAGGGCCAGAAGAAGAGCAGCCGCGGCAACACCCAGGCCACCTCCCACAGCTTCGACGTGCGCGTCCTGACCCAGCTGCTCCTGAACAGCGACCACCGCAGCACCGCCACCGTCCAGATCTGCTCCGGCAGCGTGAACCTCAAGGGCGCCGTGAAGTGCCGGGCCTACATCCACAGCAGCAAGCCCAAGGTGAAGGACGCCGTGCAGGCCGTGAAGCGCGACATCCTGAACACCGTGGCCGACCGCTGCGAGATGCTCTTCGAGGACCTGCTGCTGAACGAGATCCCCGAGAAGAAGGACAGCGAGAAGGAGTTCCACGTGCTGCCTTATAGAGTGTTTGTCCCACTGCCAGGGAGCACTGTGATGCTCTGTGATTATAAATTTGATGATGAATCTGCAGAAGAAATTCGAGATCATTTCATGGAAATGCTTGATCATACTATTCAAATTGAAGATTTAGAAATTGCAGAAGAAACAAATACAGCATGTATGTCTAGCAGCATGAATTCTCAAGCATCATTAGATAACACAGATGATGAACAACCAAAACAACCAATCAAAACTACCATGTTATTAAAAATTCAACAAAATATTGGTGTTATTGCTGCTTTTACTGTTGCTGTATTAGCTGCAGGAATTTCATTTCATTATTTTTCTGAT,454,1362,OK,-475.6000061035156,0.8585,0.041285,0.560206,0.187959,-475.6000,-471.0000,0.858506,0.000006,0.0000,4.6000
33,MLEKRLLRMGMRLQLLRDRRISSRGPGLHRAKADPQQQKRLTTGLMTQAETQKEAQQRQAAMRKTALWHTGHLQPKTHTHTGMHTQTHRERERNTQRLRDRERRENGRHTHRHTHTLTHTHTHRDTHTASYRRGIETHTTRQPLRLRGSAHDENDPRVREQPRGTQADLSSRSRMAARLLGRLTPTNTVRAGLRLGSRAASPDPAWGFLIVVGPL,ATGCTGGAGAAGCGCCTGCTGCGGATGGGCATGCGGCTGCAGCTGCTGCGGGACCGGCGCATCAGCAGCCGGGGCCCGGGCCTCCACCGCGCCAAGGCCGACCCCCAGCAGCAGAAGCGGCTGACCACGGGCCTGATGACCCAGGCCGAGACCCAGAAGGAGGCCCAGCAGCGCCAGGCCGCGATGCGCAAGACCGCCCTGTGGCACACCGGCCACCTGCAGCCCAAGACCCACACCCACACCGGCATGCACACCCAGACCCACCGGGAGCGGGAGCGCAACACCCAGCGCCTGCGGGACAGGGAGCGGCGGGAGAACGGCCGCCACACGCACCGGCACACGCACACCCTGACGCACACGCACACGCACCGGGACACCCACACGGCCAGCTACCGCCGGGGCATCGAGACCCACACCACCCGCCAGCCCCTCCGCCTGCGGGGCTCCGCCCACGACGAGAACGACCCCCGGGTGCGCGAGCAGCCCCGGGGCACGCAGGCCGACCTGTCCTCGCGCTCGCGCATGGCGGCCCGGCTGCTGGGGCGGCTGACCCCCACCAACACGGTGCGCGCGGGGCTGCGGCTGGGCAGCCGGGCCGCGTCGCCCGACCCGGCCTGGGGCTTCCTCATCGTGGTGGGCCCCCTG,215,645,OK,-317.1000061035156,0.8749,0.056863,0.751938,0.072868,-317.1000,-311.6000,0.874943,0.000043,0.0000,5.5000
34,MNLPRAERPRSTPQRSLRDSDGEDGKIDVLGEEEDEDEVEDEEEEARQQFLEQSLQPGLQVARWGGVALPREHIEGGGGPSDPSEFGTKFRAPPRSAAASEDARQPAKPPYSYIALITMAILQNPHKRLTLSGICAFISGRFPYYRRKFPAWQNSIRHNLSLNDCFVKIPREPGHPGKGNYWSLDPASQDMFDNGSFLRRRKRFKRHQLTPGAHLPHPFPLPAAHAALHNPHPGPLLGAPAPPQPVPGAYPNTAPGRCPYALLHPHPLRYLLLSAPVYAGAPKKAEGADLATPAPFPCCSPHLVLSLGRRARVWRRHREADASLSALRVLCKGSGERVQGLRRVCPRPRGATATCSSDHQACCIPKPLPLCCKCPPPLLLGQFCSNSSSIRRTAPTAALPPRARCWAGTCRPRRRC,ATGAACCTGCCCAGGGCGGAGCGCCCGCGGAGCACGCCGCAGCGCTCGCTGCGCGACAGCGATGGAGAGGACGGGAAGATCGACGTGCTGGGGGAGGAGGAGGACGAGGACGAGGTGGAGGACGAGGAGGAGGAGGCGCGCCAGCAGTTCCTGGAGCAGAGCCTGCAGCCCGGCCTGCAGGTGGCGCGGTGGGGCGGGGTGGCCCTCCCGCGGGAGCACATCGAGGGCGGCGGGGGCCCCAGCGACCCCAGCGAGTTCGGCACCAAGTTCCGCGCCCCGCCCCGCTCGGCCGCCGCGAGCGAGGACGCCCGCCAGCCCGCTAAGCCCCCCTACTCGTACATCGCCCTCATCACCATGGCCATCCTGCAGAACCCGCACAAGCGCCTGACCCTGAGCGGCATCTGCGCCTTCATCAGCGGCCGCTTCCCCTACTACCGCCGCAAGTTCCCCGCCTGGCAGAACAGCATCCGGCACAACCTGTCGCTGAATGACTGCTTCGTGAAGATCCCCAGAGAACCAGGTCATCCAGGAAAAGGCAACTACTGGTCCTTGGATCCAGCATCCCAGGATATGTTTGACAATGGGTCTTTCCTCAGAAGGAGGAAGAGATTCAAGAGACACCAACTGACGCCTGGAGCCCATCTTCCTCATCCATTTCCTCTTCCAGCTGCACACGCTGCTCTTCATAACCCTCATCCTGGACCTCTGCTGGGAGCTCCAGCTCCTCCCCAGCCAGTCCCTGGGGCATATCCCAATACTGCTCCTGGTCGATGTCCCTATGCTTTGCTTCATCCTCATCCTCTTCGATATTTGCTTCTTAGTGCACCTGTTTATGCAGGAGCTCCTAAAAAAGCAGAAGGAGCAGATTTAGCTACACCAGCTCCATTTCCCTGTTGTTCTCCACATTTGGTTCTTTCTCTTGGAAGAAGAGCAAGAGTGTGGAGACGGCATAGAGAAGCTGATGCCTCTTTATCTGCCCTTAGGGTGCTGTGTAAAGGATCAGGAGAAAGAGTACAAGGTTTGAGAAGGGTCTGCCCCCGCCCCAGGGGCGCCACGGCCACCTGCTCCAGCGACCACCAGGCCTGCTGCATCCCCAAGCCGCTCCCCCTCTGCTGCAAGTGCCCCCCGCCCCTGCTGCTCGGCCAGTTCTGCAGCAACTCCAGCAGCATCCGGAGGACCGCCCCCACCGCCGCCCTCCCCCCGCGCGCCCGCTGCTGGGCCGGCACCTGCCGCCCCCGGCGCCGCTGC,416,1248,OK,-503.29998779296875,0.8052,0.017525,0.633013,0.176282,-503.3000,-486.7000,0.805200,0.000000,0.0000,16.6000
35,MELSSKKKLHALSLAEKIQVLELLDESKMSQSEVARRFQVSQPQISRICKNKEKLLADWCSGTANRERKRKRESKYSGIDEALLCWYHIARAKAWDVTGPMLLHKAKELADIMGQDFVPSIGWLVRWKRRNNVGFGARHVLAPSFPPEPPPPGLTSQAQLPLSLKDFSPEDVFGCAELPLLYRAVPGSFGACDQVQVLLCANSRGTEKRRVLLGGLQAAPRCFFGIRSEALPASYHPDLGIPWLEWLAQFDRDMGQQGRQVALLLAARVVEELAGLPGLYHVKLLPLAASSTTPPLPSSVVRAFKAHYRHRLLGKLAAIQSERDGTSLAEAGAGITVLDALHVASAAWAKVPPQLIFSSFIQEGLAPGKTPPSSHKTSEMPPVPGGLSLEEFSRFVDLEGEEPRSGVCKEEIGTEDEKGDREGAFEPLPTKADALRALGTLRRWFECNSTSPELFEKFYDCEEEVERLCCL,ATGGAGCTCAGCAGCAAGAAGAAGCTGCACGCGCTGTCCCTGGCCGAGAAGATCCAGGTGCTGGAGCTGCTGGACGAGAGCAAGATGAGCCAGAGCGAGGTGGCGCGGCGGTTCCAGGTGAGCCAGCCCCAGATCTCCCGGATCTGCAAGAACAAGGAGAAGCTGCTGGCCGACTGGTGCAGCGGGACGGCCAACAGGGAGCGCAAGCGCAAGCGCGAGAGCAAGTACAGCGGCATCGACGAGGCCCTGCTGTGCTGGTACCACATCGCCCGGGCCAAGGCCTGGGACGTGACCGGCCCCATGCTGCTGCACAAGGCCAAGGAGCTGGCCGACATCATGGGCCAGGACTTTGTGCCCTCCATCGGCTGGCTGGTGCGCTGGAAGCGGCGCAACAACGTGGGCTTCGGCGCCCGCCACGTGCTGGCCCCCTCCTTCCCCCCGGAGCCCCCGCCGCCCGGGCTGACCAGCCAGGCCCAGCTGCCCCTGAGCCTGAAGGACTTCTCCCCCGAGGACGTCTTTGGCTGCGCTGAGCTGCCTCTGCTGTACAGGGCCGTCCCCGGCAGCTTCGGGGCCTGCGACCAGGTGCAGGTGCTGCTGTGCGCCAACAGCCGGGGCACCGAGAAGCGCCGCGTGCTGCTGGGCGGGCTGCAGGCGGCGCCGCGGTGCTTCTTCGGCATCCGCAGCGAGGCGCTGCCGGCCAGCTACCACCCCGACCTCGGCATCCCCTGGCTCGAGTGGCTGGCCCAGTTCGACCGCGACATGGGCCAGCAGGGCCGGCAGGTGGCCCTGCTGCTGGCCGCCCGCGTGGTGGAGGAGCTGGCCGGCCTGCCCGGCCTGTACCACGTGAAGCTGCTGCCCCTGGCCGCCTCCTCCACCACCCCCCCCCTGCCCTCCAGCGTGGTGCGCGCCTTCAAGGCCCACTACCGCCACCGCCTGCTGGGCAAGCTGGCCGCCATCCAGTCCGAGAGGGACGGCACCAGCCTGGCCGAGGCCGGCGCCGGCATCACCGTGCTGGACGCCCTGCACGTGGCTTCTGCTGCCTGGGCTAAAGTGCCACCTCAGCTCATCTTCTCCTCCTTCATCCAGGAGGGGCTCGCCCCGGGGAAGACCCCCCCGTCCAGCCACAAGACCAGCGAGATGCCGCCCGTGCCCGGGGGCCTGTCCCTGGAGGAGTTCTCCCGCTTCGTGGACCTGGAGGGCGAGGAGCCCAGGAGCGGCGTCTGCAAGGAGGAGATCGGCACCGAGGACGAGAAGGGGGACAGGGAGGGCGCGTTCGAGCCGCTGCCCACGAAGGCCGACGCCCTGCGCGCCCTGGGCACCCTGCGCCGCTGGTTCGAGTGCAACAGCACCAGCCCCGAGCTGTTCGAGAAATTCTACGACTGCGAGGAGGAGGTGGAGCGGCTGTGCTGCCTG,471,1413,OK,-717.0999755859375,0.9274,0.068730,0.702760,0.138712,-717.1000,-700.0000,0.927429,0.000029,0.0000,17.1000
36,MEALGDLEGPRAPGGDDPAGSAGETPGWLSREQVFVLISAASVNLGSMMCYSILGPFFPKEAEKKGASNTIIGMIFGCFALFELLASLVFGNYLVHIGAKFMFVAGMFVSGGVTILFGVLDRVPDGPVFIAMCFLVRVMDAVSFAAAMTASSSILAKAFPNNVATVLGSLETFSGLGLILGPPVGGFLYQSFGYEVPFIVLGCVVLLMVPLNMYILPNYESDPGEHSFWKLIALPKVGLIAFVINSLSSCFGFLDPTLSLFVLEKFNLPAGYVGLVFLGMALSYAISSPLFGLLSDKRPPLRKWLLVFGNLITAGCYMLLGPVPILHIKSQLWLLVLILVVSGLSAGMSIIPTFPEILSCAHENGFEEGLSTLGLVSGLFSAMWSIGAFMGPTLGGFLYEKIGFEWAAAIQGLWALISGLAMGLFYLLEYSRRKRSKSQNILSTEEERTTLLPNET,ATGGAGGCGTTGGGGGACCTCGAGGGGCCCCGGGCGCCGGGGGGCGACGATCCCGCGGGCTCCGCGGGGGAGACGCCGGGCTGGCTGTCCCGCGAGCAGGTGTTCGTGCTGATCAGCGCGGCCAGCGTGAACCTGGGCTCCATGATGTGCTACAGCATCCTGGGCCCGTTCTTCCCGAAGGAGGCCGAGAAGAAGGGCGCGTCCAACACGATCATCGGCATGATCTTCGGGTGCTTCGCGCTGTTCGAGCTGCTCGCCTCCCTGGTCTTCGGCAACTACCTGGTGCACATCGGCGCCAAGTTCATGTTCGTGGCCGGCATGTTCGTGTCCGGCGGCGTGACCATCCTGTTTGGGGTGCTGGACCGGGTGCCCGACGGCCCCGTGTTCATCGCCATGTGCTTCCTGGTGCGGGTGATGGACGCCGTGAGCTTCGCCGCCGCTATGACCGCCTCCAGCAGCATCCTGGCCAAGGCCTTCCCCAACAACGTGGCCACCGTGCTGGGCAGCCTGGAGACCTTCTCCGGGCTCGGGCTCATCCTGGGCCCCCCTGTGGGCGGCTTCCTGTACCAGTCCTTCGGGTACGAGGTGCCCTTCATCGTGCTGGGCTGCGTGGTGCTCCTGATGGTGCCCCTGAACATGTACATCCTGCCCAACTACGAGAGCGACCCCGGCGAGCACAGCTTCTGGAAGCTGATCGCCCTGCCCAAGGTGGGCCTGATCGCCTTCGTCATCAACAGCCTCTCCAGCTGCTTCGGCTTCCTGGACCCCACCCTGAGCCTGTTCGTGCTCGAGAAGTTCAACCTGCCCGCCGGCTACGTGGGCCTGGTGTTCCTGGGCATGGCGCTGTCCTACGCCATCAGCAGCCCGCTCTTCGGCCTGCTCAGCGACAAGCGGCCCCCCCTGCGGAAGTGGCTGCTGGTGTTCGGCAACCTGATCACCGCCGGCTGCTACATGCTGCTGGGGCCCGTGCCCATCCTGCACATCAAGAGCCAGCTCTGGCTGCTGGTCCTCATCCTGGTGGTGTCCGGCTTGAGTGCCGGAATGAGCATCATCCCCACTTTTCCCGAGATCCTGAGCTGTGCACACGAGAATGGGTTCGAAGAGGGCTTGTCCACCTTGGGTCTCGTGTCCGGCCTCTTCTCCGCCATGTGGAGCATCGGCGCCTTCATGGGCCCCACCCTGGGCGGCTTCCTCTACGAGAAGATCGGGTTCGAGTGGGCGGCCGCCATCCAGGGCCTCTGGGCCCTCATCTCCGGGCTGGCCATGGGCCTGTTCTACCTGCTGGAGTACAGCCGCAGGAAGCGCAGCAAGAGCCAGAACATCCTGAGCACCGAGGAGGAGAGGACCACCCTGCTGCCCAACGAGACC,456,1368,OK,-629.2000122070312,0.9016,0.082732,0.656433,0.200292,-629.2000,-623.4000,0.901606,0.000006,0.0000,5.8000
37,MDWKLEGSTQKVESPVLQGQEGILEETGEDGLPEGFQLLQIDAEGECQEGEILATGSTAWCSKNVQRKQRHWEKIVAAKKSKRKQEKERRKANRAENPGICPQHSKRFLRALTKDKLLEAKHSGPRLCIDLSMTHYMSKKELSRLAGQIRRLYGSNKKADRPFWICLTGFTTDSPLYEECVRMNDGFSSYLLDITEEDCFSLFPLETLVYLTPDSEHALEDVDLNKVYILGGLVDESIQKKVTFQKAREYSVKTARLPIQEYMVRNQNGKNYHSEILAINQVFDILSTYLETHNWPEALKKGVSSGKGYILRNSVE,ATGGATTGGAAATTGGAAGGATCGACACAGAAGGTGGAGAGCCCAGTCCTGCAGGGACAGGAGGGCATCCTGGAGGAGACCGGGGAGGACGGCCTGCCCGAGGGCTTCCAGCTCCTGCAGATCGACGCCGAGGGCGAGTGCCAGGAGGGCGAGATCCTGGCCACCGGCTCCACAGCCTGGTGCAGCAAGAACGTCCAGCGCAAGCAGCGCCACTGGGAGAAGATCGTGGCCGCCAAGAAGAGCAAGCGCAAGCAGGAGAAGGAGCGGCGGAAGGCCAACCGCGCCGAGAACCCGGGCATCTGCCCCCAGCACAGCAAGCGCTTCCTGCGGGCCCTGACCAAGGACAAGCTGCTGGAGGCCAAGCACTCCGGCCCCCGGCTGTGCATCGACCTCAGCATGACCCACTACATGTCCAAAAAGGAGCTGAGCCGCCTGGCCGGCCAGATCCGGAGGCTCTACGGCAGCAACAAGAAGGCCGACCGCCCCTTCTGGATCTGCCTGACCGGCTTCACTACAGACAGCCCACTGTATGAAGAATGTGTGAGAATGAACGATGGATTCAGCTCCTATTTGTTAGACATTACAGAAGAAGACTGCTTCTCACTTTTTCCTTTGGAGACTCTTGTGTATCTTACACCAGATTCTGAACATGCTTTGGAAGATGTAGATCTTAATAAAGTATATATATTAGGAGGTCTTGTTGATGAAAGTATACAAAAAAAAGTAACATTTCAGAAAGCAAGAGAATATTCTGTTAAAACTGCAAGACTTCCAATTCAGGAATATATGGTTAGAAATCAAAATGGAAAAAATTATCATTCAGAAATTTTAGCTATTAACCAAGTTTTTGATATTTTGTCAACATATTTAGAAACACATAACTGGCCAGAAGCTTTAAAAAAAGGAGTTTCATCAGGAAAAGGATATATTTTAAGAAATAGTGTTGAA,316,948,OK,-313.6000061035156,0.7962,0.005907,0.495781,0.202532,-313.6000,-310.8000,0.796159,0.000041,0.0000,2.8000
38,MSQRKARGPPAMPGVGHSQTQAKARLLPGADRKRSRLSRTRQDPWEERSWSNQRWSRATPGPRGTRAGGLALGRSEASPENAARERSRVRTLRQAFLALQAALPAVPPDTKLSKLDVLVLAASYIAHLTRTLGHELPGPAWPPFLRGLRYLHPLKKWPMRSRLYAGGLGYSDLDSTTASTPSQRTRDAEVGSQVPGEADALLSTTPLSPALGDK,ATGTCGCAGCGGAAGGCCCGGGGGCCGCCGGCGATGCCCGGGGTGGGCCACAGCCAGACGCAGGCCAAGGCGCGCCTGCTGCCGGGCGCCGACCGCAAGCGGAGCCGGCTCAGCCGCACCCGCCAGGACCCCTGGGAGGAGCGCAGCTGGAGCAACCAGCGGTGGAGCCGCGCCACCCCGGGCCCCCGCGGCACCCGCGCCGGCGGCCTGGCGCTGGGCCGCAGCGAGGCGTCCCCCGAGAACGCGGCCCGCGAGCGCTCCCGGGTCCGCACCCTGCGGCAGGCCTTCCTGGCGCTGCAGGCGGCCCTGCCGGCCGTGCCGCCCGACACCAAGCTGAGCAAGCTGGACGTGCTGGTGCTGGCCGCTTCCTACATCGCCCACCTGACCAGGACGCTGGGCCACGAGCTGCCGGGGCCCGCCTGGCCCCCCTTCCTGCGCGGGCTGCGCTACCTGCACCCCCTGAAGAAGTGGCCCATGCGCAGCCGCCTGTACGCCGGCGGCCTGGGCTACTCAGATCTGGACTCCACAACTGCCTCCACCCCCTCCCAGAGAACCAGAGACGCAGAGGTGGGCAGCCAGGTGCCCGGGGAAGCCGACGCCCTCCTGTCCACCACCCCCCTCAGCCCCGCGCTGGGGGACAAG,214,642,OK,-333.29998779296875,0.8595,0.054311,0.758567,0.098131,-333.3000,-332.5000,0.859542,0.000042,0.0000,0.8000
39,MLAVPVRLKVGSRKPEWGTNRLTSCPAKDPLDRRLQNLRDRERVPEPQRSLRPGVQEDSREHGQVPEVSDPQVDLEFVDLQAKPRYRRLILKTQIPEASDSQAAQKPQAHRQIPETTEAGRETTSN,ATGCTGGCGGTGCCCGTGCGGCTGAAGGTGGGGAGCCGGAAGCCGGAGTGGGGGACCAACCGCCTGACCAGCTGCCCCGCGAAGGACCCCCTGGACCGCCGCCTGCAGAACCTGCGCGACCGAGAGCGGGTGCCCGAGCCGCAGCGCAGCCTGCGCCCGGGCGTGCAGGAGGACAGCCGGGAGCACGGCCAGGTGCCCGAGGTGAGCGACCCACAGGTGGACCTGGAGTTCGTGGACCTGCAGGCCAAGCCCCGGTACCGCCGCCTGATCCTGAAGACCCAGATCCCCGAGGCCAGCGACAGCCAGGCGGCGCAGAAGCCCCAGGCCCACCGCCAGATCCCCGAGACCACCGAGGCCGGCCGGGAGACCACGAGCAAC,126,378,OK,-171.6999969482422,0.9029,0.060935,0.732804,0.076720,-171.7000,-170.5000,0.902932,0.000032,0.0000,1.2000
40,MGDWNNSDAVEPIFILRGFPGLEYVHSWLSILFCLAYLVAFMGNVTILSVIWIESSLHQPMYYFISILAVNDLGMSLSTLPTMLAVLWLDAPEIQASACYAQLFFIHTFTFLESSVLLAMAFDRFVAICHPLHYPTILTNSVIGKIGLACLLRSLGVVLPTPLLLRHYHYCHGNALSHAFCLHQDVLRLSCTDARTNSIYGLCVVIATLGVDSIFILLSYVLILNTVLDIASREEQLKALNTCVSHICVVLIFFVPVIGVSMVHRFGKHLSPIVHILMADIYLLLPPVLNPIVYSVRTKQIRLGILHKFVLRRRF,ATGGGCGACTGGAACAACAGCGACGCGGTGGAGCCCATCTTCATCCTCCGGGGCTTCCCCGGGCTGGAGTACGTGCACAGCTGGCTCAGCATCCTGTTCTGCCTCGCCTACCTCGTGGCCTTCATGGGCAACGTGACCATCCTCTCCGTGATCTGGATCGAGAGCAGCCTGCACCAGCCCATGTACTACTTCATCTCCATCCTGGCCGTGAACGACCTCGGCATGAGCCTGTCCACCCTGCCCACCATGCTGGCCGTGCTGTGGCTGGACGCCCCCGAGATCCAGGCCAGCGCCTGCTACGCCCAGCTCTTCTTCATCCACACCTTCACCTTCCTCGAGAGCAGCGTGCTGCTGGCCATGGCCTTCGACCGCTTCGTGGCCATCTGCCACCCGCTGCACTACCCCACCATCCTGACGAACAGCGTGATCGGCAAGATCGGCCTGGCCTGCCTGCTGCGCTCCCTCGGGGTGGTGCTGCCCACCCCGCTCCTGCTGCGCCACTACCACTACTGTCACGGTAATGCCCTTTCTCACGCCTTCTGCCTCCACCAGGACGTGCTGCGCCTCTCCTGCACCGACGCCAGGACCAACAGCATCTACGGGCTGTGCGTGGTGATCGCCACCCTGGGCGTGGACTCCATCTTCATCCTCCTCTCCTACGTGCTCATCCTCAACACCGTGCTGGACATCGCCTCGCGCGAGGAGCAGCTGAAGGCCCTGAACACCTGCGTGTCCCACATCTGCGTGGTGCTGATCTTCTTCGTGCCCGTGATCGGCGTCAGCATGGTGCACCGCTTCGGCAAGCACCTGAGCCCCATCGTGCACATCCTGATGGCCGACATCTACCTGCTGCTGCCCCCCGTCCTGAACCCGATCGTGTACAGCGTGCGCACCAAGCAGATCCGCCTCGGCATCCTGCACAAGTTCGTGCTGCGCCGCCGCTTC,315,945,OK,-327.29998779296875,0.9203,0.083310,0.638095,0.207407,-327.3000,-323.2000,0.920318,0.000018,0.0000,4.1000
41,MDLKNGSLVTEFILLGFFGRWELQIFFFVTFSLIYGATVMGNILIMVTVTCRSTLHSPLYFLLGNLSFLDMCLSTATTPKMIIDLLTDHKTISVWGCVTQMFFMHFFGGAEMTLLIIMAFDRYVAICKPLHYRTIMSHKLLKGFAILSWIIGFLHSISQIVLTMNLPFCGHNVINNIFCDLPLVIKLACIETYTLELFVIADSGLLSFTCFILLLVSYIVILVSVPKKSSHGLSKALSTLSAHIIVVTLFFGPCIFIYVWPFSSLASNKTLAVFYTVITPLLNPSIYTLRNKKMQEAIRKLRFQYVSSAQNF,ATGGACCTGAAGAACGGGAGCCTGGTCACCGAGTTCATCCTGCTGGGCTTCTTCGGGCGCTGGGAGCTGCAGATCTTCTTCTTCGTGACCTTCAGCCTGATCTACGGGGCCACGGTGATGGGCAACATCCTGATCATGGTGACCGTCACCTGCCGCAGCACGCTGCACTCCCCCCTGTACTTCCTGCTGGGCAACCTGAGCTTCCTGGACATGTGCCTGAGCACCGCCACCACCCCCAAGATGATCATCGACCTGCTGACCGACCACAAGACGATCAGCGTGTGGGGCTGCGTGACCCAGATGTTCTTCATGCACTTCTTCGGCGGCGCCGAGATGACCCTGCTCATCATCATGGCCTTCGACCGCTACGTGGCCATCTGCAAGCCCCTGCACTACCGCACCATCATGAGCCACAAGCTGCTGAAGGGCTTCGCCATCCTGTCCTGGATCATCGGCTTCCTGCACAGCATCAGCCAGATCGTGCTGACCATGAACCTGCCCTTCTGCGGCCATAATGTCATCAATAACATCTTTTGTGACCTGCCTCTGGTGATCAAGCTGGCCTGCATCGAGACCTACACACTGGAGCTGTTTGTGATCGCCGACAGCGGCCTCCTGTCCTTCACATGCTTCATCCTGCTGCTGGTCTCCTACATCGTGATCCTGGTCAGCGTGCCCAAGAAGAGCAGCCACGGCCTGAGCAAGGCCCTGTCCACCCTCTCCGCCCACATCATCGTCGTGACCCTGTTTTTCGGCCCCTGCATCTTCATCTACGTGTGGCCCTTCAGCAGCCTGGCCAGCAACAAGACGCTGGCCGTGTTCTACACCGTCATCACCCCCCTCCTCAACCCCAGCATCTACACCCTGCGGAACAAGAAGATGCAGGAGGCCATCCGCAAGCTGCGTTTCCAGTACGTGAGCAGCGCCCAGAACTTC,312,936,OK,-319.79998779296875,0.9449,0.084662,0.589744,0.220085,-319.8000,-316.3000,0.944905,0.000005,0.0000,3.5000
42,MFNPHALDVPAVIFDNGSGLCKAGLSGEIGPRHVISSVLGHCKFNVPLARLNQKYFVGQEALYKYEALHLHYPIERGLVTGWDDMEKLWKHLFERELGVKPSQQPVLMTEPSLNPREIREKLAEMMFETFSVPGFYLSNHAVAALYASACVTGLVVDSGDGVTCTVPIFEGYSLPHAVTKLCMAGRDITEHLTRLLFASGFNFPCILNKAVVNNIKEKLCYIALEPEKELRKSRGEVLGAYRLPDGHVIHFGDELYQVPEVLFAPDQLGIHSPGLSKMVSSSIMKCDTDIQNKLYADIVLSGGTTLLPGLEERLMKEVEQLASKGTPIKITASPDRCFSAWIGASIMTSMSSFKQMWVTSADFKEYGTSVVQRRCF,ATGTTCAACCCCCACGCGCTGGACGTGCCCGCCGTGATCTTCGACAACGGCAGCGGCCTGTGCAAGGCCGGCCTCAGCGGCGAGATCGGCCCCCGGCACGTGATCTCCTCCGTGCTGGGCCACTGCAAGTTCAACGTGCCCCTGGCCCGGCTGAACCAGAAGTACTTCGTGGGCCAGGAGGCCCTCTACAAGTACGAGGCCCTGCACCTCCACTACCCCATCGAGCGCGGCCTGGTGACCGGCTGGGACGACATGGAGAAGCTCTGGAAGCACCTGTTCGAGCGCGAGCTGGGCGTCAAGCCCAGCCAGCAGCCCGTGCTCATGACCGAGCCCAGCCTGAACCCCCGGGAGATCCGGGAGAAGCTGGCCGAGATGATGTTCGAGACCTTCTCCGTGCCCGGCTTCTACCTGAGCAACCACGCCGTGGCCGCCCTGTACGCGTCCGCCTGCGTGACCGGCCTGGTGGTGGACTCGGGCGACGGCGTCACCTGCACCGTCCCCATCTTCGAGGGGTACAGCCTGCCCCACGCCGTGACCAAGCTGTGCATGGCCGGGCGCGACATCACCGAGCACCTGACGCGGCTCCTGTTCGCCAGCGGCTTCAACTTCCCCTGCATCCTGAACAAGGCCGTGGTGAACAACATCAAGGAGAAGCTGTGCTACATCGCCCTGGAGCCCGAGAAGGAGCTGCGCAAGAGCCGGGGCGAGGTGCTGGGCGCCTACCGCCTGCCGGACGGCCACGTGATCCACTTCGGGGACGAGCTGTACCAGGTGCCGGAGGTGCTGTTCGCCCCGGACCAGCTCGGCATCCACAGCCCCGGCCTGTCCAAGATGGTGTCGTCCAGCATCATGAAGTGCGACACCGACATCCAGAACAAGCTGTACGCCGACATCGTGCTGTCCGGCGGCACCACGCTGCTGCCCGGCCTGGAGGAGCGCCTGATGAAGGAGGTGGAGCAGCTGGCCAGCAAGGGCACCCCCATCAAGATCACCGCCAGCCCGGACCGCTGCTTCTCCGCCTGGATTGGAGCAAGTATAATGACCAGCATGTCCTCATTTAAGCAAATGTGGGTAACTTCAGCAGACTTCAAGGAGTATGGTACTTCTGTGGTGCAGAGAAGATGCTTC,376,1128,OK,-487.79998779296875,0.9215,0.070206,0.645390,0.164007,-487.8000,-486.6000,0.921490,0.000010,0.0000,1.2000
43,MNGQLDLSGKLIIKAQLGEDIRRIPIHNEDITYDELVLMMQRVFRGKLLSNDEVTIKYKDEDGDLITIFDSSDLSFAIQCSRILKLTLFVNGQPRPLESSQVKYLRRELIELRNKVNRLLDSLEPPGEPGPSTNIPENDTVDGREEKSASDSSGKQSTQVMAASMSAFDPLKNQDEINKNVMSAFGLTDDQVSGPPSAPAEDRSGTPDSIASSSSAAHPPGVQPQQPPYTGAQTQAGQIEGQMYQQYQQQAGYGAQQPQAPPQQPQQYGIQYSASYSQQTGPQQPQQFQGYGQQPTSQAPAPAFSGQPQQLPAQPPQQYQASNYPAQTYTAQTSQPTNYTVAPASQPGMAPSQPGAYQPRPGFTSLPGSTMTPPPSGPNPYARNRPPFGQGYTQPGPGYR,ATGAATGGTCAGTTGGATTTAAGTGGAAAGCTAATTATCAAAGCTCAGCTCGGAGAAGATATTCGAAGAATCCCAATTCACAATGAAGATATAACTTATGATGAATTAGTTCTTATGATGCAAAGAGTTTTTAGAGGAAAATTATTATCTAATGATGAAGTAACTATAAAATATAAAGATGAAGATGGAGATCTTATTACTATCTTTGATTCATCAGATCTTTCATTTGCAATACAATGTTCAAGAATATTAAAACTTACATTATTTGTAAATGGACAACCAAGACCACTGGAAAGTAGTCAAGTAAAATATTTGAGACGGGAACTGATTGAATTAAGGAATAAAGTTAACAGACTGCTGGATTCTTTGGAACCACCAGGAGAACCAGGACCTTCAACAAATATTCCTGAAAATGATACTGTAGATGGAAGAGAAGAAAAATCAGCAAGTGATTCATCTGGAAAACAATCTACACAGGTGATGGCTGCATCTATGTCAGCATTTGACCCCCTGAAGAATCAAGATGAAATCAATAAGAATGTTATGTCTGCATTTGGTCTCACAGATGATCAGGTTTCTGGTCCTCCATCTGCACCTGCAGAGGACAGAAGCGGAACACCAGATTCTATTGCATCCTCATCATCTGCTGCACATCCTCCCGGAGTACAGCCACAGCAGCCACCATACACAGGGGCTCAGACCCAAGCAGGACAGATTGAGGGACAGATGTACCAGCAGTACCAGCAGCAGGCGGGATATGGCGCTCAACAGCCCCAGGCTCCTCCCCAGCAGCCCCAGCAGTACGGCATCCAGTACAGCGCCTCCTACAGCCAGCAGACAGGACCCCAGCAGCCCCAGCAGTTCCAGGGCTACGGGCAGCAGCCCACCAGCCAGGCGCCCGCCCCTGCCTTCTCCGGTCAGCCCCAGCAGCTGCCCGCCCAGCCCCCCCAGCAGTACCAGGCCAGCAACTACCCGGCCCAGACCTACACCGCCCAGACCAGCCAGCCCACCAACTACACCGTGGCGCCGGCCAGCCAGCCGGGCATGGCCCCCTCCCAGCCCGGCGCCTACCAGCCGCGCCCGGGCTTCACCTCCCTGCCCGGGAGCACCATGACCCCGCCGCCGTCCGGCCCCAACCCGTACGCCAGGAACCGGCCGCCGTTTGGCCAGGGCTACACCCAGCCGGGCCCGGGCTACCGC,400,1200,OK,-351.70001220703125,0.7569,-0.010807,0.517500,0.192500,-351.7000,-344.1000,0.756874,0.000026,0.0000,7.6000
44,MAAPWWRAALCECRRWRGFSTSAVLGRRTPPLGPMPNSDIDLSNLERLEKYRSFDRYRRRAEQEAQAPHWWRTYREYFGEKTDPKEKIDIGLPPPKVSRTQQLLERKQAIQELRANVEEERAARLRTASVPLDAVRAEWERTCGPYHKQRLAEYYGLYRDLFHGATFVPRVPLHVAYAVGEDDLMPVYCGNEVTPTEAAQAPEVTYEAEEGSLWTLLLTSLDGHLLEPDAEYLHWLLTNIPGNRVAEGQVTCPYLPPFPARGSGIHRLAFLLFKQDQPIDFSEDARPSPCYQLAQRTFRTFDFYKKHQETMTPAGLSFFQCRWDDSVTYIFHQLLDMREPVFEFVRPPPYHPKQKRFPHRQPLRYLDRYRDSHEPTYGIY,ATGGCGGCTCCCTGGTGGAGAGCTGCGCTCTGTGAGTGCCGCCGGTGGAGAGGCTTCAGCACCAGCGCCGTGTTGGGGCGGCGCACCCCGCCGCTGGGCCCCATGCCGAACAGCGACATCGACCTGAGCAACCTGGAGCGGCTGGAGAAGTACCGCAGCTTCGACAGGTACCGGCGCCGCGCCGAGCAGGAAGCCCAGGCGCCCCACTGGTGGCGGACCTACCGCGAGTACTTCGGCGAGAAGACCGACCCCAAGGAGAAGATCGACATCGGCCTGCCGCCCCCCAAGGTGAGCCGCACCCAGCAGCTGCTGGAGCGGAAGCAGGCGATCCAGGAGCTGCGCGCGAACGTGGAGGAGGAGCGGGCGGCGCGCCTGCGCACCGCCTCGGTGCCCCTGGACGCCGTGCGCGCCGAGTGGGAGCGCACCTGCGGCCCCTACCACAAGCAGCGGCTGGCCGAGTACTACGGCCTCTACCGGGACCTGTTCCACGGCGCCACCTTCGTGCCCCGCGTGCCTCTGCACGTGGCCTACGCTGTGGGGGAGGACGACCTGATGCCAGTGTACTGCGGGAACGAGGTGACCCCGACCGAGGCGGCGCAGGCCCCCGAGGTGACCTACGAGGCGGAGGAGGGCAGCCTGTGGACGCTGCTGCTGACCTCCCTGGACGGCCACCTGCTGGAGCCCGACGCCGAGTACCTGCACTGGCTGCTCACCAACATCCCCGGCAACCGCGTGGCCGAGGGCCAGGTGACCTGCCCCTACCTGCCCCCCTTCCCCGCCCGCGGCAGCGGCATCCACCGCCTCGCCTTCCTCCTGTTCAAGCAGGACCAGCCCATCGACTTCAGCGAGGACGCCCGCCCCAGCCCCTGCTACCAGCTCGCCCAGCGCACCTTCCGCACCTTCGACTTCTACAAGAAGCACCAGGAGACCATGACCCCGGCCGGCCTCTCCTTCTTCCAGTGCCGCTGGGACGACTCGGTCACCTACATCTTCCACCAGCTGCTGGACATGCGGGAGCCCGTGTTTGAGTTTGTAAGACCACCTCCATACCACCCAAAGCAGAAAAGATTTCCTCACAGACAGCCACTTCGATACTTGGACAGATATCGGGACTCTCATGAGCCAACATATGGAATCTAC,380,1140,OK,-478.79998779296875,0.8884,0.057011,0.674561,0.142982,-478.8000,-466.0400,0.888432,0.000032,0.0000,12.7600
45,MSVRGKAGKGLGKGGAKCHRKVLSDNIQGITKCTIRRLARHGGVKRILGLIYEETRRVFKVFLENVIWYAVTNTEHAKRKTVTAMAVVYVLKRQGRTL,ATGAGCGTTAGAGGAAAAGCCGGCAAGGGTCTGGGCAAGGGCGGGGCCAAGTGCCACCGCAAGGTGCTGAGCGACAACATCCAGGGCATCACCAAGTGCACCATCCGGCGCCTCGCGCGCCACGGCGGCGTGAAGCGCATCCTGGGCCTCATCTACGAGGAGACGCGCCGCGTGTTCAAGGTGTTCCTGGAGAACGTGATCTGGTACGCGGTGACCAACACCGAGCACGCCAAGCGCAAGACGGTGACCGCCATGGCCGTGGTGTACGTGCTGAAGCGCCAGGGCCGCACCCTG,98,294,OK,-117.30000305175781,0.8999,0.064308,0.653061,0.132653,-117.3000,-117.3000,0.899933,0.000033,0.0000,0.0000
46,MSSSYDEASLAPEETTDSFWEVGNYKRTVKRIDDGHRLCNDLMNCVQERAKIEKAYGQQLTDWAKRWRQLIEKGPQYGSLERAWGAIMTEADKVSELHQEVKNNLLNEDLEKVKNWQKDAYHKQIMGGFKETKEAEDGFRKAQKPWAKKMKELEAAKKAYHLACKEEKLAMTREMNSKTEQSVTPEQQKKLQDKVDKCKQDVQKTQEKYEKVLEDVGKTTPQYMENMEQVFEQCQQFEEKRLVFLKEVLLDIKRHLNLAENSSYIHVYRELEQAIRGADAQEDLRWFRSTSGPGMPMNWPQFEEWNPDLPHTTTKKEKQPKKAEGVALTNATGAVESTSQAGDRGSVSSYDRGQPYATEWSDDESGNPFGGSETNGGANPFEDDSKGVRVRALYDYDGQEQDELSFKAGDELTKLGEEDEQGWCRGRLDSGQLGLYPANYVEAI,ATGTCGTCCAGCTACGACGAGGCCAGCCTGGCCCCGGAGGAGACCACCGACAGCTTCTGGGAGGTGGGCAACTACAAGCGCACCGTGAAGCGCATCGACGACGGCCACCGCCTGTGCAACGACCTGATGAACTGCGTGCAGGAGCGGGCCAAGATCGAGAAGGCCTACGGGCAGCAGCTGACCGACTGGGCCAAGCGCTGGCGCCAGCTGATCGAGAAGGGCCCCCAGTACGGGAGCCTGGAGCGCGCCTGGGGCGCCATCATGACGGAGGCGGACAAGGTGAGCGAGCTGCACCAGGAGGTGAAGAACAACCTGCTGAACGAGGACCTGGAGAAGGTGAAGAACTGGCAGAAGGACGCCTACCACAAGCAGATCATGGGCGGCTTCAAGGAGACCAAGGAGGCCGAGGACGGCTTCCGCAAGGCCCAGAAGCCCTGGGCCAAGAAGATGAAGGAGCTGGAGGCCGCCAAGAAGGCCTACCACCTGGCCTGCAAAGAGGAGAAGCTGGCCATGACCAGAGAGATGAACAGCAAAACTGAACAGAGCGTCACTCCAGAGCAGCAAAAAAAGCTGCAGGATAAGGTGGATAAGTGTAAACAGGATGTGCAGAAGACACAGGAAAAGTATGAGAAGGTGCTGGAGGACGTGGGCAAGACCACCCCCCAGTACATGGAGAATATGGAGCAGGTGTTCGAGCAGTGCCAGCAGTTCGAGGAGAAGCGCCTGGTGTTCCTGAAGGAGGTGCTGCTGGACATCAAGAGGCACCTGAACCTGGCCGAGAACAGCAGCTACATCCACGTGTACCGCGAGCTGGAGCAGGCCATCCGCGGGGCCGACGCCCAGGAGGACCTGCGCTGGTTCCGGTCCACCAGCGGGCCCGGCATGCCCATGAACTGGCCCCAGTTCGAGGAGTGGAACCCCGACCTGCCCCACACCACCACGAAGAAGGAGAAGCAGCCCAAGAAGGCAGAAGGAGTGGCTCTGACCAACGCCACCGGGGCCGTCGAGAGCACCTCCCAGGCTGGAGACAGAGGTTCCGTCAGCAGCTACGACCGCGGCCAGCCCTACGCTACCGAGTGGAGTGATGATGAATCTGGAAATCCATTTGGAGGCAGTGAAACAAATGGGGGAGCTAATCCTTTTGAAGATGATTCTAAAGGTGTAAGAGTAAGGGCATTATATGATTATGATGGACAAGAACAAGATGAATTAAGTTTTAAGGCTGGTGATGAATTAACTAAATTAGGAGAAGAAGATGAACAGGGATGGTGTCGAGGAAGATTAGATTCAGGACAACTTGGATTATATCCAGCTAATTATGTTGAGGCTATT,444,1332,OK,-482.79998779296875,0.8824,0.037178,0.572072,0.144144,-482.8000,-481.4000,0.882413,0.000013,0.0000,1.4000
47,MGFNLTLAKLPNNELHGQESHNSGNRSDGPGKNTTLHNEFDTIVLPVLYLIIFVASILLNGLAVWIFFHIRNKTSFIFYLKNIVVADLIMTLTFPFRIVHDAGFGPWYFKFILCRYTSVLFYANMYTSIVFLGLISIDRYLKVVKPFGDSRMYSITFTKVLSVCVWVIMAVLSLPNIILTNGQPTEDNIHDCSKLKSPLGVKWHTAVTYVNSCLFVAVLVILIGCYIAISRYIHKSSRQFISQSSRKRKHNQSIRVVVAVFFTCFLPYHLCRIPFTFSHLDRLLDESAQKILYYCKEITLFLSACNVCLDPIIYFFMCRSFSRRLFKKSNIRTRSESIRSLQSVRRSEVRIYYDYTDV,ATGGGCTTCAACCTGACCTTGGCCAAGCTGCCGAACAACGAGCTGCACGGCCAGGAGAGCCACAACAGCGGCAACCGGAGCGACGGGCCCGGGAAGAACACCACCCTGCACAACGAGTTCGACACGATCGTGCTGCCCGTGCTGTACCTGATCATCTTCGTGGCCAGCATCCTGCTCAACGGCCTGGCCGTGTGGATCTTCTTCCACATCCGCAACAAGACCAGCTTCATCTTCTACCTGAAGAACATCGTGGTGGCCGACCTGATCATGACCCTCACCTTCCCGTTCCGCATCGTGCACGACGCCGGCTTCGGCCCCTGGTACTTCAAGTTCATCCTGTGCCGCTACACCAGCGTCCTCTTCTACGCCAACATGTACACCAGCATCGTCTTCCTGGGCCTCATCAGCATCGACCGGTACCTGAAGGTGGTGAAGCCCTTCGGCGACAGCCGCATGTACAGCATCACCTTCACCAAGGTGCTGTCCGTGTGCGTGTGGGTGATCATGGCCGTGCTTTCTCTGCCCAACATCATCCTCACCAATGGGCAGCCAACAGAGGATAATATTCACGACTGCAGCAAGCTGAAGTCTCCTCTGGGCGTCAAGTGGCACACCGCCGTGACCTACGTGAACAGTTGCCTGTTCGTGGCCGTGCTCGTGATCCTCATCGGCTGCTACATCGCCATCAGCCGCTACATCCACAAGAGCAGCCGCCAGTTCATCAGCCAGAGCAGCCGCAAGCGCAAGCACAACCAGAGCATCCGCGTGGTGGTGGCTGTGTTCTTCACCTGCTTCCTGCCCTACCACCTCTGCCGCATCCCCTTCACCTTCAGCCACCTGGACCGCCTGCTGGACGAGAGCGCCCAGAAGATCCTGTACTACTGCAAGGAGATCACCCTCTTCCTGAGCGCCTGCAACGTGTGCCTCGACCCCATCATCTACTTCTTCATGTGCCGCAGCTTCTCCCGGCGCCTGTTCAAGAAGTCCAACATCCGCACCAGGAGCGAGTCCATCCGGAGCCTGCAGTCGGTGCGCCGCAGCGAGGTGCGCATCTACTACGACTACACCGACGTG,358,1074,OK,-362.5,0.9385,0.074323,0.595903,0.201117,-362.5000,-355.8000,0.938534,0.000034,0.0000,6.7000
48,MTAPCPPPPPDPQFVLRGTQSPVHALHFCEGAQAQGRPLLFSGSQSGLVHIWSLQTRRAVTTLDGHGGQCVTWLQTLPQGRQLLSQGRDLKLCLWDLAEGRSAVVDSVCLESVGFCRSSILAGGQPRWTLAVPGRGSDEVQILEMPSKTSVCALKPKADAKLGMPMCLRLWQADCSSRPLLLAGYEDGSVVLWDVSEQKVCSRIACHEEPVMDLDFDSQKARGISGSAGKALAVWSLDWQQALQVRGTHELTNPGIAEVTIRPDRKILATAGWDHRIRVFHWRTMQPLAVLAFHSAAVQCVAFTADGLLAAGSKDQRISLWSLYPRA,ATGACCGCCCCCTGCCCCCCCCCCCCGCCCGACCCCCAGTTCGTCCTGCGCGGCACCCAGTCCCCCGTGCACGCCCTCCACTTCTGCGAGGGGGCCCAGGCCCAGGGCAGGCCCCTGCTCTTCAGCGGGTCCCAGTCCGGCCTGGTGCACATCTGGAGCCTGCAGACCCGGAGGGCCGTGACCACCCTGGACGGCCACGGGGGCCAGTGCGTGACCTGGCTGCAGACCCTGCCCCAGGGCCGCCAGCTGCTGAGCCAGGGCCGGGACCTGAAGCTGTGCCTGTGGGACCTGGCCGAGGGCCGCAGCGCCGTGGTGGACAGCGTGTGCCTGGAGTCGGTGGGCTTCTGCCGCTCCAGCATCCTCGCCGGCGGCCAGCCCCGGTGGACGCTGGCGGTGCCCGGCCGCGGCTCGGACGAGGTGCAGATCCTGGAGATGCCCAGCAAGACCTCCGTGTGCGCCCTGAAGCCCAAGGCCGACGCCAAGCTGGGCATGCCCATGTGCCTGCGGCTGTGGCAAGCCGACTGCAGCTCCAGACCCCTCCTGCTGGCCGGGTACGAGGACGGGTCCGTGGTGCTGTGGGACGTGAGCGAGCAGAAGGTGTGCAGCCGCATCGCCTGCCACGAGGAGCCCGTGATGGACCTGGACTTCGACAGCCAGAAGGCCAGGGGCATCAGCGGCAGCGCCGGCAAGGCGCTGGCCGTGTGGAGCCTGGACTGGCAGCAGGCCCTGCAGGTGCGCGGCACGCACGAGCTGACCAACCCCGGCATCGCCGAGGTGACCATCCGCCCCGACCGCAAGATCCTGGCGACCGCCGGCTGGGACCACCGCATCCGCGTCTTCCACTGGCGCACCATGCAGCCCCTGGCCGTGCTCGCCTTCCACAGCGCCGCTGTGCAGTGCGTGGCCTTCACCGCGGACGGCCTCCTGGCCGCCGGCTCCAAGGACCAGCGCATCAGCCTGTGGAGCCTGTACCCCCGCGCC,327,981,OK,-491.0,0.9313,0.069964,0.725790,0.133537,-491.0000,-490.5000,0.931327,0.000027,0.0000,0.5000
49,MPSEKTFKQRRTFEQRVEDVRLIREQHPTKIPVIIERYKGEKQLPVLDKTKFLVPDHVNMSELIKIIRRRLQLNANQAFFLLVNGHSMVSVSTPISEVYESEKDEDGFLYMVYASQETFGMKLSV,ATGCCCAGCGAGAAGACCTTCAAGCAGAGGCGCACCTTCGAGCAGAGGGTGGAGGACGTGCGGCTGATCCGGGAGCAGCACCCCACCAAGATCCCGGTCATCATCGAGCGGTACAAGGGGGAGAAGCAGCTGCCCGTGCTGGACAAGACCAAGTTCCTGGTTCCCGACCACGTGAACATGAGCGAGCTGATCAAGATCATCCGCCGGCGCCTGCAGCTGAACGCGAACCAGGCCTTCTTCCTGCTGGTGAACGGCCACAGCATGGTGAGCGTGTCCACCCCCATCAGCGAGGTGTACGAGAGCGAGAAGGACGAGGACGGCTTCCTGTACATGGTATACGCCAGCCAGGAGACCTTCGGCATGAAGCTGAGCGTG,125,375,OK,-139.6999969482422,0.9492,0.073818,0.613333,0.149333,-139.7000,-139.7000,0.949171,0.000029,0.0000,0.0000
50,MNRKKLQKLTDTLTKNCKHFNKFEVNCLIKLFYDLVGGVERQGLVVGLDRNAFRNILHVTFGMTDDMIMDRVFRGFDKDNDGCVNVLEWIHGLSLFLRGSLEEKMKYCFEVFDLNGDGFISKEEMFHMLKNSLLKQPSEEDPDEGIKDLVEITLKKMDHDHDGKLSFADYELAVREETLLLEAFGPCLPDPKSQMEFEAQVFKDPNEFNDM,ATGAACAGAAAGAAGCTGCAGAAGCTGACCGACACCCTGACCAAGAACTGCAAGCACTTCAACAAGTTTGAGGTTAACTGCCTGATCAAACTGTTCTACGACCTGGTGGGCGGCGTGGAGCGGCAGGGCCTGGTGGTGGGCCTGGACCGCAACGCCTTCCGCAACATCCTGCACGTGACCTTCGGCATGACCGACGACATGATCATGGACCGGGTCTTCCGCGGCTTCGACAAGGACAATGACGGCTGCGTGAACGTGCTGGAGTGGATCCACGGCCTCAGCCTGTTCCTCCGCGGGTCCCTGGAGGAGAAGATGAAGTACTGCTTCGAGGTGTTTGACCTGAACGGCGACGGCTTCATCAGCAAGGAGGAGATGTTCCACATGCTCAAGAACAGCCTGCTGAAGCAGCCCTCCGAGGAGGACCCCGACGAGGGCATCAAGGACCTGGTGGAGATCACCCTGAAGAAGATGGACCACGACCACGACGGCAAGCTGTCCTTCGCCGACTACGAGTTAGCTGTCAGGGAAGAGACCCTGCTGCTGGAGGCCTTTGGACCCTGCCTGCCCGACCCCAAGAGCCAGATGGAGTTCGAGGCCCAGGTGTTCAAGGACCCAAATGAGTTCAACGACATG,211,633,OK,-226.5,0.9561,0.073863,0.586098,0.173776,-226.5000,-222.8000,0.956131,0.000031,0.0000,3.7000
51,MAARRALHFVFKVGNRFQTARFYRDVLGMKVESCSVARLECSGAISAHCSDYTRITEDSFSKPYDGKWSKTMVGFGPEDDHFVAELTYNYGVGDYKLGNDFMGITLASSQAVSNARKLEWPLTEVAEGVFETEAPGGYKFYLQNRSLPQSDPVLKVTLAVSDLQKSLNYWCNLLGMKIYEKDEEKQRALLGYADNQCKLELQGVKGGVDHAAAFGRIAFSCPQKELPDLEDLMKRENQKILTPLVSLDTPGKATVQVVILADPDGHEICFVGDEAFRELSKMDPEGSKLLDDAMAADKSDEWFAKHNKPKASG,ATGGCGGCGCGGCGCGCGCTGCACTTCGTCTTCAAGGTGGGCAACCGCTTCCAGACAGCCCGCTTCTACCGGGACGTGCTGGGCATGAAGGTGGAGTCGTGCTCGGTGGCGCGGCTGGAGTGCAGCGGCGCCATCAGCGCCCACTGCTCCGACTACACCAGGATCACCGAGGACTCCTTCAGCAAGCCCTACGACGGCAAGTGGAGCAAGACCATGGTGGGCTTCGGGCCCGAGGACGACCACTTCGTGGCCGAGCTGACCTACAACTACGGCGTCGGCGACTACAAGCTGGGCAACGACTTCATGGGCATCACCCTGGCCTCCTCGCAGGCCGTGTCCAACGCGCGCAAGCTGGAGTGGCCCCTGACCGAGGTGGCCGAGGGCGTGTTCGAGACGGAGGCCCCCGGCGGCTACAAATTCTACCTGCAGAACCGCAGCCTGCCCCAGAGCGACCCGGTGCTGAAGGTGACCCTGGCCGTGAGCGACCTGCAGAAGAGCCTGAACTACTGGTGCAACCTGTTGGGCATGAAAATCTACGAGAAGGACGAGGAGAAGCAGAGGGCCCTGCTGGGCTACGCCGACAACCAGTGCAAGCTGGAGCTGCAGGGGGTGAAGGGCGGCGTGGACCACGCGGCCGCCTTCGGCCGCATCGCCTTCTCCTGCCCGCAGAAGGAGCTGCCCGACCTGGAGGACCTGATGAAGCGGGAGAACCAGAAGATCCTGACGCCCCTGGTGTCCCTGGACACGCCCGGCAAGGCCACGGTGCAGGTGGTCATCCTGGCCGACCCCGACGGCCACGAGATCTGCTTCGTGGGCGACGAGGCCTTCCGCGAGCTGAGCAAGATGGACCCCGAGGGCAGCAAGCTGCTGGACGACGCGATGGCCGCCGACAAGAGCGACGAGTGGTTCGCCAAGCACAACAAGCCCAAGGCCAGCGGC,313,939,OK,-407.3999938964844,0.9182,0.072620,0.661342,0.137380,-407.4000,-400.4000,0.918179,0.000021,0.0000,7.0000
52,MTEEPIKEILGAPKAHMAATMEKSPKSEVVITTVPLVSEIQLMAATGGTELSCYRCIIPFAVVVFIAGIVVTAVAYSFNSHGSIISIFGLVVLSSGLFLLASSALCWKVRQRSKKAKRRESQTALVANQRSLFA,ATGACCGAAGAGCCCATCAAGGAAATCCTGGGCGCCCCCAAGGCACACATGGCCGCGACCATGGAGAAGTCGCCCAAGAGCGAGGTGGTGATCACCACCGTGCCCCTGGTGAGCGAGATCCAGCTGATGGCTGCCACCGGGGGCACGGAGCTGAGCTGCTACCGCTGCATCATCCCCTTCGCCGTGGTCGTGTTCATCGCCGGCATCGTGGTGACAGCTGTGGCCTACAGCTTCAACAGCCACGGCAGCATCATCAGCATCTTCGGCCTGGTCGTCCTGAGCTCCGGCCTGTTCCTGCTGGCCTCCAGCGCCCTGTGCTGGAAGGTGCGCCAGCGGAGCAAGAAGGCCAAGCGCCGGGAGAGCCAGACCGCCCTGGTGGCCAACCAGAGGAGCCTGTTCGCC,134,402,OK,-192.0,0.9334,0.075366,0.651741,0.159204,-192.0000,-192.0000,0.933353,0.000047,0.0000,0.0000
53,MNKPITPSTYVRCLNVGLIRKLSDFIDPQEGWKKLAVAIKKPSGDDRYNQFHIRRFEALLQTGKSPTSELLFDWGTTNCTVGDLVDLLIQNEFFAPASLLLPDAVPKTANTLPSKEAITVQQKQMPFCDKDRTLMTPVQNLEQSYMPPDSSSPENKSLEVSDTRFHSFSFYELKNVTNNFDERPISVGGNKMGEGGFGVVYKGYVNNTTVAVKKLAAMVDITTEELKQQFDQEIKVMAKCQHENLVELLGFSSDGDDLCLVYVYMPNGSLLDRLSCLDGTPPLSWHMRCKIAQGAANGINFLHENHHIHRDIKSANILLDEAFTAKISDFGLARASEKFAQTVMTSRIVGTTAYMAPEALRGEITPKSDIYSFGVVLLEIITGLPAVDEHREPQLLLDIKEEIEDEEKTIEDYIDKKMNDADSTSVEAMYSVASQCLHEKKNKRPDIKKVQQLLQEMTAS,ATGAATAAGCCCATCACCCCCAGCACCTACGTCCGCTGCCTGAACGTGGGCCTGATCCGCAAGCTGTCCGACTTCATCGACCCCCAGGAGGGCTGGAAGAAGCTGGCCGTCGCCATCAAGAAGCCCAGCGGGGACGACCGCTACAACCAGTTCCACATCCGCCGCTTCGAGGCCCTGCTCCAGACCGGCAAAAGCCCCACCTCCGAGCTGCTGTTCGACTGGGGCACCACCAACTGCACCGTGGGCGACCTCGTGGACCTGCTCATCCAGAACGAGTTCTTCGCCCCCGCCAGCCTGCTGCTGCCCGACGCGGTGCCCAAGACCGCCAACACCCTGCCCAGCAAGGAGGCCATCACCGTGCAGCAGAAGCAGATGCCCTTCTGCGACAAGGACAGGACCCTGATGACCCCCGTGCAGAACCTGGAGCAGAGCTACATGCCCCCCGACAGCTCCAGCCCCGAGAACAAGAGCCTGGAGGTGAGCGACACGCGCTTCCACAGCTTCTCCTTCTACGAGCTGAAGAACGTGACCAACAACTTCGACGAGCGGCCCATCTCGGTGGGCGGCAACAAGATGGGAGAGGGCGGCTTCGGGGTGGTGTACAAGGGCTACGTGAACAACACCACGGTGGCGGTGAAGAAGCTGGCGGCGATGGTGGACATCACCACGGAGGAGCTGAAGCAGCAGTTCGACCAGGAGATCAAGGTGATGGCCAAGTGCCAGCACGAGAACCTGGTGGAGCTGCTGGGCTTCTCCAGCGACGGCGACGACCTGTGCCTGGTCTACGTGTACATGCCCAACGGCAGCCTGCTGGACCGCCTGAGCTGCCTGGACGGCACCCCGCCCCTCAGCTGGCACATGCGCTGCAAGATCGCCCAGGGCGCCGCTAACGGCATCAACTTCCTGCACGAGAACCACCACATCCACCGCGACATCAAGAGCGCCAACATCCTGCTGGACGAGGCCTTCACCGCCAAGATCAGCGACTTCGGCCTGGCCCGCGCCAGCGAGAAGTTCGCCCAGACTGTGATGACCAGCCGGATTGTGGGCACCACCGCCTACATGGCCCCGGAGGCGCTGCGGGGCGAGATCACCCCCAAGTCCGACATCTACAGCTTCGGCGTGGTGCTGCTGGAGATCATCACCGGCCTGCCCGCCGTGGACGAGCACCGCGAGCCCCAGCTGCTGCTGGACATCAAGGAGGAGATCGAGGACGAGGAGAAGACCATCGAGGACTACATCGACAAGAAGATGAACGACGCCGACAGCACCAGCGTGGAGGCCATGTACAGCGTGGCCAGCCAGTGCCTGCACGAGAAGAAGAACAAGCGCCCGGACATCAAGAAGGTCCAGCAGCTGCTGCAGGAGATGACCGCCAGC,460,1380,OK,-539.5,0.9469,0.073305,0.636232,0.134783,-539.5000,-526.7000,0.946947,0.000047,0.0000,12.8000
54,MFKFHQMKHIFEILDKMRCLRKRSTVSFLGVLVIFLLFMNLYIEDSYVLEGDKQLIRETSTHQLNSERYVHTFKDLSNFSGAINVTYRYLAATPLQRKRYLTIGLSSVKRKKGNYLLETIKSIFEQSSYEELKEISVVVHLADFNSSWRDAMVQDITQKFAHHIIAGRLMVIHAPEEYYPILDGLKRNYNDPEDRVKFRSKQNVDYAFLLNFCANTSDYYVMLEDDVRCSKNFLTAIKKVIASLEGTYWVTLEFSKLGYIGKLYHSHDLPRLAHFLLMFYQEMPCDWLLTHFRGLLAQKNVIRFKPSLFQHMGYYSSYKGTENKLKDDDFEEESFDIPDNPPASLYTNMNVFENYEASKAYSSVDEYFWGKPPSTGDVFVIVFENPIIIKKIKVNTGTEDRQNDILHHGALDVGENVMPSKQRRQCSTYLRLGEFKNGNFEMSGVNQKIPFDIHCMRIYVTKTQKEWLIIRSISIWTS,ATGTTTAAATTCCACCAGATGAAGCACATCTTTGAAATTTTGGACAAAATGAGATGCCTCAGGAAAAGGAGTACAGTGTCTTTTCTTGGGGTCTTGGTTATCTTCCTCCTGTTCATGAATTTGTATATTGAAGATTCTTATGTATTGGAAGGAGACAAACAACTGATAAGAGAAACAAGTACACACCAGCTCAATTCAGAAAGATATGTTCATACATTTAAAGATCTTTCAAATTTTTCAGGAGCAATTAATGTTACTTATAGATATTTAGCCGCTACTCCTTTGCAAAGAAAACGATATTTAACAATTGGACTTTCATCTGTTAAAAGAAAAAAAGGTAATTATTTACTAGAAACAATTAAATCTATTTTTGAACAATCATCATATGAAGAATTAAAAGAAATTTCAGTTGTTGTGCATCTGGCTGATTTCAATTCCTCTTGGAGAGATGCAATGGTACAAGATATTACACAAAAATTTGCACACCATATTATAGCTGGAAGATTAATGGTGATCCACGCCCCCGAGGAGTACTACCCCATCCTCGACGGCCTGAAGCGGAACTACAACGACCCCGAGGACCGCGTGAAGTTCCGCAGCAAGCAGAACGTGGACTACGCCTTCCTGCTCAACTTCTGCGCCAACACCTCGGACTACTACGTGATGCTGGAGGACGACGTGCGCTGCAGCAAGAACTTCCTCACCGCCATCAAGAAGGTGATCGCCTCCCTGGAGGGCACCTACTGGGTGACCCTGGAGTTCAGCAAGCTGGGCTACATCGGCAAGCTGTACCACAGCCACGACCTGCCCCGGCTGGCCCACTTCCTCCTGATGTTCTACCAGGAGATGCCTTGCGACTGGCTGCTGACCCACTTCCGGGGCCTGCTGGCCCAGAAGAACGTGATCCGCTTCAAGCCCAGCCTGTTCCAGCACATGGGCTACTACAGCAGCTACAAGGGGACCGAGAACAAGCTCAAGGACGACGACTTCGAGGAGGAGAGCTTCGACATCCCGGACAACCCTCCAGCCTCCCTGTATACCAACATGAACGTATTTGAGAACTATGAGGCCAGCAAAGCCTACTCCAGCGTGGACGAGTATTTCTGGGGGAAGCCCCCATCTACTGGCGATGTGTTTGTGATTGTTTTCGAAAATCCCATTATAATTAAGAAAATAAAAGTGAATACAGGAACAGAAGATAGACAGAATGACATTCTACATCATGGTGCATTAGATGTTGGAGAAAATGTAATGCCTTCAAAACAAAGAAGACAATGTTCAACATATTTAAGACTTGGAGAATTTAAAAATGGAAATTTTGAAATGTCAGGAGTTAACCAGAAAATACCTTTTGACATACATTGTATGAGAATATATGTAACTAAAACACAAAAAGAATGGCTAATCATCAGATCAATCAGCATTTGGACTTCA,478,1434,OK,-372.6000061035156,0.7894,0.004360,0.431660,0.250349,-372.6000,-358.3000,0.789361,0.000039,0.0000,14.3000
55,MGTVHARSLEPLPSSGPDFGGLGEEAEFVEVEPEAKQEILENKDVVVQHVHFDGLGRTKDDIIICEIGDVFKAKNLIEVMRKSHEAREKLLRLGIFRQVDVLIDTCQGDDALPNGLDVTFEVTELRRLTGSYNTMVGNNEGSMVLGLKLPNLLGRAEKVTFQFSYGTKETSYGLSFFKPRPGNFERNFSVNLYKVTGQFPWSSLRETDRGMSAEYSFPIWKTSHTVKWEGVWRELGCLSRTASFAVRKESGHSLKSSLSHAMVIDSRNSSILPRRGALLKVNQELAGYTGGDVSFIKEDFELQLNKQLIFDSVFSASFWGGMLVPIGDKPSSIADRFYLGGPTSIRGFSMHSIGPQSEGDYLGGEAYWAGGLHLYTPLPFRPGQGGFGELFRTHFFLNAGNLCNLNYGEGPKAHIRKLAECIRWSYGAGIVLRLGNIARLELNYCVPMGVQTGDRICDGVQFGAGIRFL,ATGGGCACCGTGCACGCGAGGAGCCTGGAGCCGCTGCCCTCCAGCGGGCCCGACTTCGGCGGCCTGGGCGAGGAGGCCGAGTTCGTGGAGGTGGAGCCCGAGGCCAAGCAGGAGATCCTGGAGAACAAGGACGTGGTGGTGCAGCACGTGCACTTCGACGGCCTGGGCCGCACCAAGGACGACATCATCATCTGCGAGATCGGCGACGTGTTCAAGGCCAAGAACCTGATCGAGGTGATGCGCAAGAGCCACGAGGCCCGGGAGAAGCTGCTGCGCCTGGGCATCTTCCGCCAGGTGGACGTGCTGATCGACACGTGCCAGGGCGACGACGCCCTGCCCAACGGCCTGGACGTGACCTTCGAGGTGACCGAGCTGCGCCGCCTGACCGGCAGCTACAACACCATGGTGGGCAACAACGAGGGCAGCATGGTGCTGGGCCTGAAGCTGCCCAACCTGCTGGGCCGGGCCGAGAAGGTGACCTTCCAGTTCTCATACGGCACCAAGGAGACGAGTTATGGGCTGAGCTTCTTCAAGCCCAGGCCCGGCAACTTCGAGAGGAACTTCAGCGTCAACCTCTACAAGGTGACCGGCCAGTTCCCCTGGAGCAGCCTGAGGGAGACCGACCGGGGCATGAGCGCCGAGTACAGCTTCCCCATCTGGAAGACCAGCCACACCGTGAAGTGGGAGGGCGTGTGGCGGGAGCTGGGCTGCCTCAGCCGGACGGCCTCCTTCGCCGTGCGCAAGGAGAGCGGCCACAGCCTGAAGAGCAGCCTGAGCCACGCCATGGTGATCGACAGCCGGAACTCCAGCATCCTGCCCCGCCGCGGCGCCCTGCTGAAGGTGAACCAGGAGCTGGCCGGCTACACCGGCGGCGACGTCAGCTTCATCAAGGAGGACTTCGAGCTGCAGCTGAACAAGCAGCTCATCTTCGACAGCGTCTTCTCCGCCTCCTTCTGGGGCGGCATGCTGGTGCCCATCGGCGACAAGCCCAGCTCCATCGCCGACCGCTTCTACCTGGGCGGACCTACCAGTATCAGAGGCTTCTCCATGCACAGCATCGGACCTCAGAGCGAAGGGGACTACCTGGGCGGCGAGGCCTACTGGGCCGGGGGCCTGCACCTCTACACCCCGCTGCCGTTCCGGCCCGGCCAGGGCGGCTTCGGCGAGCTGTTCCGCACCCACTTCTTCCTGAACGCCGGCAACCTGTGCAACCTGAACTACGGCGAGGGCCCCAAGGCCCACATCCGCAAGCTGGCCGAGTGCATCCGCTGGAGCTACGGCGCCGGCATCGTGCTGCGCCTGGGCAACATCGCCAGGCTGGAGCTGAACTACTGCGTGCCCATGGGCGTGCAGACGGGCGACCGCATCTGCGACGGCGTGCAGTTCGGGGCCGGCATCCGCTTTCTG,469,1407,OK,-641.0999755859375,0.9543,0.072827,0.663113,0.149254,-641.1000,-627.6000,0.954289,0.000011,0.0000,13.5000
